word,round,agent_01,agent_02,agent_03,agent_04,agent_05,agent_06,agent_07,agent_08,agent_09,agent_10,mean,std,n_nonzero,pass
earnings,1,0,0,0,0,0,0,0,0,0,0,0.0,0.0,0,False
stocks,1,0,0,0,0,0,0,0,0,0,0,0.0,0.0,0,False
jobs,1,1,1,0,0,0,1,0,0,0,0,0.3,0.483,3,False
billion,1,0,0,0,0,0,0,0,0,0,0,0.0,0.0,0,False
markets,1,0,0,0,0,0,0,0,0,0,0,0.0,0.0,0,False
investors,1,0,0,0,0,0,0,0,0,0,0,0.0,0.0,0,False
rates,1,0,0,0,0,0,0,0,0,0,0,0.0,0.0,0,False
yen,1,0,0,0,0,0,0,0,0,0,0,0.0,0.0,0,False
prices,1,0,0,0,0,0,0,0,0,0,0,0.0,0.0,0,False
data,1,0,0,0,0,0,0,0,0,0,0,0.0,0.0,0,False
central,1,0,0,0,0,0,0,0,0,0,0,0.0,0.0,0,False
expectations,1,0,0,0,0,0,0,0,0,0,0,0.0,0.0,0,False
estimates,1,0,0,0,0,0,0,0,0,0,0,0.0,0.0,0,False
reports,1,0,0,0,0,0,0,0,0,0,0,0.0,0.0,0,False
second,1,0,0,0,0,0,0,0,0,0,0,0.0,0.0,0,False
million,1,0,0,0,0,0,0,0,0,0,0,0.0,0.0,0,False
posts,1,0,0,0,0,0,0,0,0,0,0,0.0,0.0,0,False
forecasts,1,0,0,0,0,0,0,0,0,0,0,0.0,0.0,0,False
talks,1,0,0,0,0,0,0,0,0,0,0,0.0,0.0,0,False
lifts,1,2,2,2,2,2,2,2,2,2,2,2.0,0.0,10,True
expected,1,0,0,0,0,0,0,0,0,0,0,0.0,0.0,0,False
traders,1,0,0,0,0,0,0,0,0,0,0,0.0,0.0,0,False
chip,1,0,0,0,0,0,0,0,0,0,0,0.0,0.0,0,False
ahead,1,1,1,1,1,1,1,1,1,1,1,1.0,0.0,10,True
trading,1,0,0,0,0,0,0,0,0,0,0,0.0,0.0,0,False
hits,1,0,0,0,0,0,0,0,0,0,0,0.0,0.0,0,False
sources,1,0,0,0,0,0,0,0,0,0,0,0.0,0.0,0,False
costs,1,-1,-1,-1,-1,-1,-1,-1,-1,-1,-1,-1.0,0.0,10,True
holds,1,0,0,0,0,0,0,0,0,0,0,0.0,0.0,0,False
federal,1,0,0,0,0,0,0,0,0,0,0,0.0,0.0,0,False
shows,1,0,0,0,0,0,0,0,0,0,0,0.0,0.0,0,False
plans,1,0,0,0,0,0,0,0,0,0,0,0.0,0.0,0,False
results,1,0,0,0,0,0,0,0,0,0,0,0.0,0.0,0,False
three,1,0,0,0,0,0,0,0,0,0,0,0.0,0.0,0,False
key,1,0,0,0,0,0,0,0,0,0,0,0.0,0.0,0,False
term,1,0,0,0,0,0,0,0,0,0,0,0.0,0.0,0,False
decision,1,0,0,0,0,0,0,0,0,0,0,0.0,0.0,0,False
streaming,1,0,0,0,0,0,0,0,0,0,0,0.0,0.0,0,False
climbs,1,2,2,2,2,2,2,2,2,2,2,2.0,0.0,10,True
closes,1,0,0,0,0,0,0,0,0,0,0,0.0,0.0,0,False
analysts,1,0,0,0,0,0,0,0,0,0,0,0.0,0.0,0,False
signals,1,0,0,0,0,0,0,0,0,0,0,0.0,0.0,0,False
long,1,0,0,0,0,0,0,0,0,0,0,0.0,0.0,0,False
five,1,0,0,0,0,0,0,0,0,0,0,0.0,0.0,0,False
ever,1,0,0,0,0,0,0,0,0,0,0,0.0,0.0,0,False
services,1,0,0,0,0,0,0,0,0,0,0,0.0,0.0,0,False
payrolls,1,0,0,0,0,0,0,0,0,0,0,0.0,0.0,0,False
latest,1,0,0,0,0,0,0,0,0,0,0,0.0,0.0,0,False
hedge,1,0,0,0,0,0,0,0,0,0,0,0.0,0.0,0,False
according,1,0,0,0,0,0,0,0,0,0,0,0.0,0.0,0,False
traffic,1,0,0,0,0,0,0,0,0,0,0,0.0,0.0,0,False
faces,1,-1,-1,-1,-1,-1,-1,-1,-1,-1,-1,-1.0,0.0,10,True
hikes,1,-1,-1,-1,-1,0,-1,-1,-1,0,-1,-0.8,0.422,8,True
driven,1,0,0,0,0,0,0,0,0,0,0,0.0,0.0,0,False
meeting,1,0,0,0,0,0,0,0,0,0,0,0.0,0.0,0,False
third,1,0,0,0,0,0,0,0,0,0,0,0.0,0.0,0,False
truck,1,0,0,0,0,0,0,0,0,0,0,0.0,0.0,0,False
firms,1,0,0,0,0,0,0,0,0,0,0,0.0,0.0,0,False
returns,1,1,1,1,1,0,1,1,1,1,1,0.9,0.316,9,True
weekly,1,0,0,0,0,0,0,0,0,0,0,0.0,0.0,0,False
slows,1,-2,-2,-2,-2,-2,-2,-2,-2,-2,-2,-2.0,0.0,10,True
maker,1,0,0,0,0,0,0,0,0,0,0,0.0,0.0,0,False
chain,1,0,0,0,0,0,0,0,0,0,0,0.0,0.0,0,False
told,1,0,0,0,0,0,0,0,0,0,0,0.0,0.0,0,False
yields,1,0,0,0,0,0,0,0,0,0,0,0.0,0.0,0,False
wants,1,0,0,0,0,0,0,0,0,0,0,0.0,0.0,0,False
bigger,1,1,1,1,1,1,1,1,1,1,1,1.0,0.0,10,True
survey,1,0,0,0,0,0,0,0,0,0,0,0.0,0.0,0,False
tariffs,1,-2,-2,-2,-2,-2,-2,-2,-2,-2,-2,-2.0,0.0,10,True
days,1,0,0,0,0,0,0,0,0,0,0,0.0,0.0,0,False
highs,1,2,2,2,2,2,2,2,2,2,2,2.0,0.0,10,True
bets,1,0,0,0,0,0,0,0,0,0,0,0.0,0.0,0,False
advertising,1,0,0,0,0,0,0,0,0,0,0,0.0,0.0,0,False
sold,1,0,0,0,0,0,0,-1,0,0,0,-0.1,0.316,1,False
options,1,0,0,0,0,0,0,0,0,0,0,0.0,0.0,0,False
bonds,1,0,0,0,0,0,0,0,0,0,0,0.0,0.0,0,False
dents,1,-2,-2,-2,-2,-2,-2,-2,-2,-2,-2,-2.0,0.0,10,True
administration,1,0,0,0,0,0,0,0,0,0,0,0.0,0.0,0,False
decade,1,0,0,0,0,0,0,0,0,0,0,0.0,0.0,0,False
poll,1,0,0,0,0,0,0,0,0,0,0,0.0,0.0,0,False
saw,1,0,0,0,0,0,0,0,0,0,0,0.0,0.0,0,False
workers,1,0,0,0,0,0,0,0,0,0,0,0.0,0.0,0,False
gas,1,0,0,0,0,0,0,0,0,0,0,0.0,0.0,0,False
platform,1,0,0,0,0,0,0,0,0,0,0,0.0,0.0,0,False
chief,1,0,0,0,0,0,0,0,0,0,0,0.0,0.0,0,False
across,1,0,0,0,0,0,0,0,0,0,0,0.0,0.0,0,False
airlines,1,0,0,0,0,0,0,0,0,0,0,0.0,0.0,0,False
finds,1,0,0,0,0,0,0,0,0,0,0,0.0,0.0,0,False
trillion,1,0,0,0,0,0,0,0,0,0,0,0.0,0.0,0,False
continues,1,0,0,0,0,0,0,0,0,0,0,0.0,0.0,0,False
calls,1,0,0,0,0,0,0,0,0,0,0,0.0,0.0,0,False
concerns,1,-2,-2,-2,-2,-2,-2,-2,-2,-2,-2,-2.0,0.0,10,True
closing,1,0,0,0,0,0,0,0,0,0,0,0.0,0.0,0,False
paying,1,0,0,0,0,0,0,0,0,0,0,0.0,0.0,0,False
freight,1,0,0,0,0,0,0,0,0,0,0,0.0,0.0,0,False
signs,1,0,0,0,0,0,0,0,0,0,0,0.0,0.0,0,False
came,1,0,0,0,0,0,0,0,0,0,0,0.0,0.0,0,False
leaves,1,0,0,0,0,0,0,0,0,0,0,0.0,0.0,0,False
historic,1,0,1,1,1,0,1,0,0,0,0,0.4,0.516,4,False
healthcare,1,0,0,0,0,0,0,0,0,0,0,0.0,0.0,0,False
odds,1,0,0,0,0,0,0,0,0,0,0,0.0,0.0,0,False
four,1,0,0,0,0,0,0,0,0,0,0,0.0,0.0,0,False
even,1,0,0,0,0,0,0,0,0,0,0,0.0,0.0,0,False
margin,1,0,0,0,0,0,0,0,0,0,0,0.0,0.0,0,False
months,1,0,0,0,0,0,0,0,0,0,0,0.0,0.0,0,False
salad,1,0,0,0,0,0,0,0,0,0,0,0.0,0.0,0,False
fiscal,1,0,0,0,0,0,0,0,0,0,0,0.0,0.0,0,False
raises,1,1,1,1,1,1,1,1,1,1,1,1.0,0.0,10,True
travel,1,0,0,0,0,0,0,0,0,0,0,0.0,0.0,0,False
insurance,1,0,0,0,0,0,0,0,0,0,0,0.0,0.0,0,False
linked,1,0,0,0,0,0,0,0,0,0,0,0.0,0.0,0,False
fourth,1,0,0,0,0,0,0,0,0,0,0,0.0,0.0,0,False
software,1,0,0,0,0,0,0,0,0,0,0,0.0,0.0,0,False
economists,1,0,0,0,0,0,0,0,0,0,0,0.0,0.0,0,False
performance,1,0,0,0,0,0,0,0,0,0,0,0.0,0.0,0,False
major,1,0,0,0,0,0,0,0,0,0,0,0.0,0.0,0,False
infrastructure,1,0,0,0,0,0,0,0,0,0,0,0.0,0.0,0,False
users,1,0,0,0,0,0,0,0,0,0,0,0.0,0.0,0,False
shopping,1,0,0,0,0,0,0,0,0,0,0,0.0,0.0,0,False
soars,1,3,3,3,3,3,3,4,3,3,3,3.1,0.316,10,True
called,1,0,0,0,0,0,0,0,0,0,0,0.0,0.0,0,False
equity,1,0,0,0,0,0,0,0,0,0,0,0.0,0.0,0,False
models,1,0,0,0,0,0,0,0,0,0,0,0.0,0.0,0,False
current,1,0,0,0,0,0,0,0,0,0,0,0.0,0.0,0,False
added,1,1,1,1,1,1,1,1,1,1,1,1.0,0.0,10,True
banks,1,0,0,0,0,0,0,0,0,0,0,0.0,0.0,0,False
exchange,1,0,0,0,0,0,0,0,0,0,0,0.0,0.0,0,False
behind,1,-1,-1,-1,-1,-1,-1,-1,-1,-1,-1,-1.0,0.0,10,True
times,1,0,0,0,0,0,0,0,0,0,0,0.0,0.0,0,False
needed,1,0,0,0,0,0,0,0,0,0,0,0.0,0.0,0,False
consumers,1,0,0,0,0,0,0,0,0,0,0,0.0,0.0,0,False
drive,1,0,0,0,0,0,0,0,0,0,0,0.0,0.0,0,False
taking,1,0,0,0,0,0,0,0,0,0,0,0.0,0.0,0,False
curve,1,0,0,0,0,0,0,0,0,0,0,0.0,0.0,0,False
built,1,0,0,0,0,0,0,0,0,0,0,0.0,0.0,0,False
race,1,0,0,0,0,0,0,0,0,0,0,0.0,0.0,0,False
half,1,0,0,0,0,0,0,0,0,0,0,0.0,0.0,0,False
takes,1,0,0,0,0,0,0,0,0,0,0,0.0,0.0,0,False
parks,1,0,0,0,0,0,0,0,0,0,0,0.0,0.0,0,False
remains,1,0,0,0,0,0,0,0,0,0,0,0.0,0.0,0,False
electric,1,0,0,0,0,0,0,0,0,0,0,0.0,0.0,0,False
media,1,0,0,0,0,0,0,0,0,0,0,0.0,0.0,0,False
states,1,0,0,0,0,0,0,0,0,0,0,0.0,0.0,0,False
seven,1,0,0,0,0,0,0,0,0,0,0,0.0,0.0,0,False
led,1,0,0,0,0,0,0,0,0,0,0,0.0,0.0,0,False
cyclosporiasis,1,-2,-2,-2,-2,-2,-3,-2,-2,-2,-2,-2.1,0.316,10,True
overshadows,1,-1,-2,-2,-2,-2,-2,-2,-2,-2,-2,-1.9,0.316,10,True
ends,1,0,0,0,0,0,0,0,0,0,0,0.0,0.0,0,False
starting,1,0,0,0,0,0,0,0,0,0,0,0.0,0.0,0,False
rout,1,-4,-4,-4,-3,-3,-4,-4,-4,-4,-4,-3.8,0.422,10,True
indexes,2,0,0,0,0,0,0,0,0,0,0,0.0,0.0,0,False
records,2,0,0,0,0,0,0,0,0,0,0,0.0,0.0,0,False
daily,2,0,0,0,0,0,0,0,0,0,0,0.0,0.0,0,False
doubles,2,3,3,3,3,3,3,3,3,3,3,3.0,0.0,10,True
buildout,2,0,1,1,1,1,0,0,1,1,1,0.7,0.483,7,True
planned,2,0,0,0,0,0,0,0,0,0,0,0.0,0.0,0,False
steps,2,0,0,0,0,0,0,0,0,0,0,0.0,0.0,0,False
imports,2,0,0,0,0,0,0,0,0,0,0,0.0,0.0,0,False
shakes,2,-1,-2,-1,-1,-1,-1,-1,-1,-1,-2,-1.2,0.422,10,True
tap,2,0,0,0,0,0,0,0,0,0,0,0.0,0.0,0,False
projects,2,0,0,0,0,0,0,0,0,0,0,0.0,0.0,0,False
minister,2,0,0,0,0,0,0,0,0,0,0,0.0,0.0,0,False
input,2,0,0,0,0,0,0,0,0,0,0,0.0,0.0,0,False
keeps,2,0,0,0,0,0,0,0,0,0,0,0.0,0.0,0,False
within,2,0,0,0,0,0,0,0,0,0,0,0.0,0.0,0,False
mixed,2,0,-1,-1,-1,-1,-1,0,0,0,-1,-0.6,0.516,6,True
system,2,0,0,0,0,0,0,0,0,0,0,0.0,0.0,0,False
finances,2,0,0,0,0,0,0,0,0,0,0,0.0,0.0,0,False
made,2,0,0,0,0,0,0,0,0,0,0,0.0,0.0,0,False
surges,2,3,4,4,4,4,4,3,4,4,4,3.8,0.422,10,True
breaks,2,-1,-2,-1,-1,-2,-1,-1,-1,-1,-2,-1.3,0.483,10,True
heading,2,0,0,0,0,0,0,0,0,0,0,0.0,0.0,0,False
metal,2,0,0,0,0,0,0,0,0,0,0,0.0,0.0,0,False
selling,2,-1,-1,-1,-1,-1,-1,-1,-1,-1,-1,-1.0,0.0,10,True
founder,2,0,0,0,0,0,0,0,0,0,0,0.0,0.0,0,False
trying,2,0,0,0,0,0,0,0,0,0,0,0.0,0.0,0,False
wave,2,0,0,0,0,0,0,0,0,0,0,0.0,0.0,0,False
points,2,0,0,0,0,0,0,0,0,0,0,0.0,0.0,0,False
claims,2,0,0,0,0,0,0,0,0,0,0,0.0,0.0,0,False
found,2,0,0,0,0,0,0,0,0,0,0,0.0,0.0,0,False
memory,2,0,0,0,0,0,0,0,0,0,0,0.0,0.0,0,False
watching,2,0,0,0,0,0,0,0,0,0,0,0.0,0.0,0,False
families,2,0,0,0,0,0,0,0,0,0,0,0.0,0.0,0,False
auto,2,0,0,0,0,0,0,0,0,0,0,0.0,0.0,0,False
following,2,0,0,0,0,0,0,0,0,0,0,0.0,0.0,0,False
buys,2,1,1,1,1,1,1,1,1,1,1,1.0,0.0,10,True
governor,2,0,0,0,0,0,0,0,0,0,0,0.0,0.0,0,False
merger,2,1,1,1,1,1,1,1,1,1,1,1.0,0.0,10,True
coming,2,0,0,0,0,0,0,0,0,0,0,0.0,0.0,0,False
disrupting,2,-1,-1,-1,-1,-1,-2,-1,-1,-1,-1,-1.1,0.316,10,True
chains,2,0,0,0,0,0,0,0,0,0,0,0.0,0.0,0,False
environment,2,0,0,0,0,0,0,0,0,0,0,0.0,0.0,0,False
monetary,2,0,0,0,0,0,0,0,0,0,0,0.0,0.0,0,False
six,2,0,0,0,0,0,0,0,0,0,0,0.0,0.0,0,False
suppliers,2,0,0,0,0,0,0,0,0,0,0,0.0,0.0,0,False
slowest,2,-2,-2,-2,-2,-2,-2,-2,-2,-2,-2,-2.0,0.0,10,True
decades,2,0,0,0,0,0,0,0,0,0,0,0.0,0.0,0,False
accelerates,2,2,2,2,2,2,2,2,2,2,2,2.0,0.0,10,True
reasons,2,0,0,0,0,0,0,0,0,0,0,0.0,0.0,0,False
cools,2,-1,-1,-1,-1,-1,-1,-1,-1,-1,-1,-1.0,0.0,10,True
members,2,0,0,0,0,0,0,0,0,0,0,0.0,0.0,0,False
soaring,2,3,4,4,4,4,4,4,4,4,4,3.9,0.316,10,True
mind,2,0,0,0,0,0,0,0,0,0,0,0.0,0.0,0,False
extending,2,0,0,0,0,0,0,0,0,0,0,0.0,0.0,0,False
speculators,2,-1,-1,-1,-1,-1,0,-1,-1,-1,-1,-0.9,0.316,9,True
investments,2,1,1,1,1,1,1,1,1,1,1,1.0,0.0,10,True
offers,2,0,0,0,0,0,0,0,0,0,0,0.0,0.0,0,False
stakes,2,0,0,0,0,0,0,0,0,0,0,0.0,0.0,0,False
officials,2,0,0,0,0,0,0,0,0,0,0,0.0,0.0,0,False
study,2,0,0,0,0,0,0,0,0,0,0,0.0,0.0,0,False
stance,2,0,0,0,0,0,0,0,0,0,0,0.0,0.0,0,False
cyclospora,2,-2,-2,-2,-2,-2,-2,-2,-2,-2,-2,-2.0,0.0,10,True
discovery,2,1,1,1,1,1,1,1,1,1,1,1.0,0.0,10,True
proposed,2,0,0,0,0,0,0,0,0,0,0,0.0,0.0,0,False
prior,2,0,0,0,0,0,0,0,0,0,0,0.0,0.0,0,False
store,2,0,0,0,0,0,0,0,0,0,0,0.0,0.0,0,False
sees,2,0,0,0,0,0,0,0,0,0,0,0.0,0.0,0,False
versus,2,0,0,0,0,0,0,0,0,0,0,0.0,0.0,0,False
widens,2,-1,-1,-1,-1,-1,-1,-1,-1,-1,-1,-1.0,0.0,10,True
pickup,2,1,1,1,1,1,1,1,1,1,1,1.0,0.0,10,True
start,2,0,0,0,0,0,0,0,0,0,0,0.0,0.0,0,False
urges,2,0,0,0,0,0,0,0,0,0,0,0.0,0.0,0,False
together,2,0,0,0,0,0,0,0,0,0,0,0.0,0.0,0,False
miners,2,0,0,0,0,0,0,0,0,0,0,0.0,0.0,0,False
away,2,0,0,0,0,0,0,0,0,0,0,0.0,0.0,0,False
setting,2,0,0,0,0,0,0,0,0,0,0,0.0,0.0,0,False
going,2,0,0,0,0,0,0,0,0,0,0,0.0,0.0,0,False
eye,2,0,0,0,0,0,0,0,0,0,0,0.0,0.0,0,False
tank,2,-2,-2,-2,-2,-3,-2,-2,-2,-2,-3,-2.2,0.422,10,True
stages,2,0,0,0,0,0,0,0,0,0,0,0.0,0.0,0,False
bet,2,0,0,0,0,0,0,0,0,0,0,0.0,0.0,0,False
biggest,2,1,1,1,1,1,1,1,1,1,1,1.0,0.0,10,True
float,2,0,0,0,0,0,0,0,0,0,0,0.0,0.0,0,False
interview,2,0,0,0,0,0,0,0,0,0,0,0.0,0.0,0,False
stack,2,0,0,0,0,0,0,0,0,0,0,0.0,0.0,0,False
allies,2,0,0,1,0,0,0,0,1,1,1,0.4,0.516,4,False
slips,2,-2,-2,-2,-2,-2,-2,-2,-2,-2,-2,-2.0,0.0,10,True
palantir,2,0,0,0,0,0,0,0,0,0,0,0.0,0.0,0,False
priced,2,0,0,0,0,0,0,0,0,0,0,0.0,0.0,0,False
got,2,0,0,0,0,0,0,0,0,0,0,0.0,0.0,0,False
funds,2,0,0,0,0,0,0,0,0,0,0,0.0,0.0,0,False
brother,2,0,0,0,0,0,0,0,0,0,0,0.0,0.0,0,False
asked,2,0,0,0,0,0,0,0,0,0,0,0.0,0.0,0,False
minutes,2,0,0,0,0,0,0,0,0,0,0,0.0,0.0,0,False
futures,2,0,0,0,0,0,0,0,0,0,0,0.0,0.0,0,False
proposal,2,0,0,0,0,0,0,0,0,0,0,0.0,0.0,0,False
unveils,2,1,1,1,1,1,1,1,1,1,1,1.0,0.0,10,True
margins,2,0,0,0,0,0,0,0,0,0,0,0.0,0.0,0,False
slides,2,-2,-2,-2,-2,-2,-2,-2,-2,-2,-2,-2.0,0.0,10,True
ratings,2,0,0,0,0,0,0,0,0,0,0,0.0,0.0,0,False
pace,2,0,0,0,0,0,0,0,0,0,0,0.0,0.0,0,False
reserves,2,0,0,0,0,0,0,0,0,0,0,0.0,0.0,0,False
intensifies,2,-1,-1,-1,-1,-1,-1,-1,-1,-1,-1,-1.0,0.0,10,True
names,2,0,0,0,0,0,0,0,0,0,0,0.0,0.0,0,False
startup,2,0,0,0,0,0,0,0,0,0,0,0.0,0.0,0,False
diplomacy,2,1,1,1,1,1,1,1,1,1,1,1.0,0.0,10,True
takeaways,2,0,0,0,0,0,0,0,0,0,0,0.0,0.0,0,False
means,2,0,0,0,0,0,0,0,0,0,0,0.0,0.0,0,False
sanctions,2,-3,-3,-3,-3,-3,-3,-3,-3,-3,-3,-3.0,0.0,10,True
heads,2,0,0,0,0,0,0,0,0,0,0,0.0,0.0,0,False
positions,2,0,0,0,0,0,0,0,0,0,0,0.0,0.0,0,False
projected,2,0,0,0,0,0,0,0,0,0,0,0.0,0.0,0,False
jumped,2,3,3,3,3,3,3,3,3,3,3,3.0,0.0,10,True
overnight,2,0,0,0,0,0,0,0,0,0,0,0.0,0.0,0,False
seeing,2,0,0,0,0,0,0,0,0,0,0,0.0,0.0,0,False
agents,2,0,0,0,0,0,0,0,0,0,0,0.0,0.0,0,False
cheapest,2,1,1,1,1,1,1,1,1,1,1,1.0,0.0,10,True
class,2,0,0,0,0,0,0,0,0,0,0,0.0,0.0,0,False
executives,2,0,0,0,0,0,0,0,0,0,0,0.0,0.0,0,False
savings,2,1,1,1,1,1,1,1,1,1,1,1.0,0.0,10,True
commerce,2,0,0,0,0,0,0,0,0,0,0,0.0,0.0,0,False
valuation,2,0,0,0,0,0,0,0,0,0,0,0.0,0.0,0,False
film,2,0,0,0,0,0,0,0,0,0,0,0.0,0.0,0,False
macroeconomic,2,0,0,0,0,0,0,0,0,0,0,0.0,0.0,0,False
brands,2,0,0,0,0,0,0,0,0,0,0,0.0,0.0,0,False
though,2,0,0,0,0,0,0,0,0,0,0,0.0,0.0,0,False
working,2,0,0,0,0,0,0,0,0,0,0,0.0,0.0,0,False
chips,2,0,0,0,0,0,0,0,0,0,0,0.0,0.0,0,False
virginia,2,0,0,0,0,0,0,0,0,0,0,0.0,0.0,0,False
tier,2,0,0,0,0,0,0,0,0,0,0,0.0,0.0,0,False
driving,2,0,0,0,0,0,0,0,0,0,0,0.0,0.0,0,False
numbers,2,0,0,0,0,0,0,0,0,0,0,0.0,0.0,0,False
slowed,2,-2,-2,-2,-2,-2,-2,-2,-2,-2,-2,-2.0,0.0,10,True
levels,2,0,0,0,0,0,0,0,0,0,0,0.0,0.0,0,False
adding,2,1,1,0,1,1,1,0,1,1,0,0.7,0.483,7,True
measures,2,0,0,0,0,0,0,0,0,0,0,0.0,0.0,0,False
inventories,2,0,0,0,0,0,0,0,0,0,0,0.0,0.0,0,False
horizon,2,0,0,0,0,0,0,0,0,0,0,0.0,0.0,0,False
partners,2,0,0,0,0,0,0,0,0,0,0,0.0,0.0,0,False
used,2,0,0,0,0,0,0,0,0,0,0,0.0,0.0,0,False
family,2,0,0,0,0,0,0,0,0,0,0,0.0,0.0,0,False
soccer,2,0,0,0,0,0,0,0,0,0,0,0.0,0.0,0,False
tournament,2,0,0,0,0,0,0,0,0,0,0,0.0,0.0,0,False
broader,2,0,0,0,0,0,0,0,0,0,0,0.0,0.0,0,False
brief,2,0,0,0,0,0,0,0,0,0,0,0.0,0.0,0,False
annually,2,0,0,0,0,0,0,0,0,0,0,0.0,0.0,0,False
staying,2,0,0,0,0,0,0,0,0,0,0,0.0,0.0,0,False
movies,2,0,0,0,0,0,0,0,0,0,0,0.0,0.0,0,False
video,2,0,0,0,0,0,0,0,0,0,0,0.0,0.0,0,False
defining,2,0,0,0,0,0,0,0,0,0,0,0.0,0.0,0,False
mulls,2,0,0,0,0,0,0,0,0,0,0,0.0,0.0,0,False
politics,2,0,0,0,0,0,0,0,0,0,0,0.0,0.0,0,False
air,2,0,0,0,0,0,0,0,0,0,0,0.0,0.0,0,False
conditioners,2,0,0,0,0,0,0,0,0,0,0,0.0,0.0,0,False
slightly,2,0,0,0,0,0,0,0,0,0,0,0.0,0.0,0,False
fewer,2,-1,-1,-1,-1,-1,-1,-1,-1,-1,-1,-1.0,0.0,10,True
related,2,0,0,0,0,0,0,0,0,0,0,0.0,0.0,0,False
copper,2,0,0,0,0,0,0,0,0,0,0,0.0,0.0,0,False
jumps,2,3,3,3,3,3,3,3,3,3,3,3.0,0.0,10,True
positioned,2,0,0,0,0,0,0,0,0,0,0,0.0,0.0,0,False
majority,2,0,0,0,0,0,0,0,0,0,0,0.0,0.0,0,False
voted,2,0,0,0,0,0,0,0,0,0,0,0.0,0.0,0,False
meetings,2,0,0,0,0,0,0,0,0,0,0,0.0,0.0,0,False
drugs,2,0,0,0,0,0,0,0,0,0,0,0.0,0.0,0,False
employers,2,0,0,0,0,0,0,0,0,0,0,0.0,0.0,0,False
dollars,2,0,0,0,0,0,0,0,0,0,0,0.0,0.0,0,False
compliance,2,0,0,0,0,0,0,0,0,0,0,0.0,0.0,0,False
diesel,2,0,0,0,0,0,0,0,0,0,0,0.0,0.0,0,False
started,2,0,0,0,0,0,0,0,0,0,0,0.0,0.0,0,False
tourism,2,0,0,0,0,0,0,0,0,0,0,0.0,0.0,0,False
front,2,0,0,0,0,0,0,0,0,0,0,0.0,0.0,0,False
pre,2,0,0,0,0,0,0,0,0,0,0,0.0,0.0,0,False
startups,2,0,0,0,0,0,0,0,0,0,0,0.0,0.0,0,False
earlier,2,0,0,0,0,0,0,0,0,0,0,0.0,0.0,0,False
joined,2,0,0,0,0,0,0,0,0,0,0,0.0,0.0,0,False
experts,2,0,0,0,0,0,0,0,0,0,0,0.0,0.0,0,False
ongoing,2,0,0,0,0,0,0,0,0,0,0,0.0,0.0,0,False
segment,2,0,0,0,0,0,0,0,0,0,0,0.0,0.0,0,False
platforms,2,0,0,0,0,0,0,0,0,0,0,0.0,0.0,0,False
conglomerate,2,0,0,0,0,0,0,0,0,0,0,0.0,0.0,0,False
refunds,2,-1,-1,0,-1,-1,-1,-1,-1,-1,-1,-0.9,0.316,9,True
another,2,0,0,0,0,0,0,0,0,0,0,0.0,0.0,0,False
making,2,0,0,0,0,0,0,0,0,0,0,0.0,0.0,0,False
sinks,2,-3,-3,-3,-3,-3,-3,-3,-3,-3,-3,-3.0,0.0,10,True
economics,2,0,0,0,0,0,0,0,0,0,0,0.0,0.0,0,False
updated,2,0,0,0,0,0,0,0,0,0,0,0.0,0.0,0,False
bell,2,0,0,0,0,0,0,0,0,0,0,0.0,0.0,0,False
elite,2,1,1,1,1,1,1,1,1,1,1,1.0,0.0,10,True
flyers,2,0,0,0,0,0,0,0,0,0,0,0.0,0.0,0,False
tool,2,0,0,0,0,0,0,0,0,0,0,0.0,0.0,0,False
items,2,0,0,0,0,0,0,0,0,0,0,0.0,0.0,0,False
players,2,0,0,0,0,0,0,0,0,0,0,0.0,0.0,0,False
league,2,0,0,0,0,0,0,0,0,0,0,0.0,0.0,0,False
rights,2,0,0,0,0,0,0,0,0,0,0,0.0,0.0,0,False
billionaires,2,0,0,0,0,0,0,0,0,0,0,0.0,0.0,0,False
ties,2,0,0,0,0,0,0,0,0,0,0,0.0,0.0,0,False
nations,2,0,0,0,0,0,0,0,0,0,0,0.0,0.0,0,False
something,2,0,0,0,0,0,0,0,0,0,0,0.0,0.0,0,False
eight,2,0,0,0,0,0,0,0,0,0,0,0.0,0.0,0,False
majors,2,0,0,0,0,0,0,0,0,0,0,0.0,0.0,0,False
booming,2,3,3,3,4,4,4,3,3,3,4,3.4,0.516,10,True
social,2,0,0,0,0,0,0,0,0,0,0,0.0,0.0,0,False
capitalization,2,0,0,0,0,0,0,0,0,0,0,0.0,0.0,0,False
netflix,2,0,0,0,0,0,0,0,0,0,0,0.0,0.0,0,False
trader,2,0,0,0,0,0,0,0,0,0,0,0.0,0.0,0,False
taxed,2,-1,-1,-1,-1,-1,-1,-1,-1,-1,-1,-1.0,0.0,10,True
sets,2,0,0,0,0,0,0,0,0,0,0,0.0,0.0,0,False
sellers,2,0,0,-1,0,0,0,-1,0,-1,0,-0.3,0.483,3,False
representing,2,0,0,0,0,0,0,0,0,0,0,0.0,0.0,0,False
publicly,2,0,0,0,0,0,0,0,0,0,0,0.0,0.0,0,False
tradable,2,0,0,0,0,0,0,0,0,0,0,0.0,0.0,0,False
places,2,0,0,0,0,0,0,0,0,0,0,0.0,0.0,0,False
showing,2,0,0,0,0,0,0,0,0,0,0,0.0,0.0,0,False
lockup,2,0,0,0,0,0,0,0,0,0,0,0.0,0.0,0,False
often,2,0,0,0,0,0,0,0,0,0,0,0.0,0.0,0,False
father,2,0,0,0,0,0,0,0,0,0,0,0.0,0.0,0,False
dial,2,0,0,0,0,0,0,0,0,0,0,0.0,0.0,0,False
views,2,0,0,0,0,0,0,0,0,0,0,0.0,0.0,0,False
dwindles,2,-2,-2,-2,-2,-2,-2,-2,-2,-2,-2,-2.0,0.0,10,True
oman,2,0,0,0,0,0,0,0,0,0,0,0.0,0.0,0,False
bounces,2,2,2,2,2,2,2,2,2,2,2,2.0,0.0,10,True
getting,2,0,0,0,0,0,0,0,0,0,0,0.0,0.0,0,False
hotter,2,1,1,1,1,1,1,1,1,1,1,1.0,0.0,10,True
trim,2,-1,-1,-1,-1,-1,-1,-1,-1,-1,-1,-1.0,0.0,10,True
financials,2,0,0,0,0,0,0,0,0,0,0,0.0,0.0,0,False
prompt,2,0,0,0,0,0,0,0,0,0,0,0.0,0.0,0,False
spikes,2,1,1,1,1,1,1,1,1,1,1,1.0,0.0,10,True
ants,2,0,0,0,0,0,0,0,0,0,0,0.0,0.0,0,False
swarm,2,-1,-1,-1,-1,-1,0,-1,-1,-1,-1,-0.9,0.316,9,True
homecoming,2,0,0,0,0,0,0,0,0,0,0,0.0,0.0,0,False
multi,2,0,0,0,0,0,0,0,0,0,0,0.0,0.0,0,False
flowing,2,0,0,0,0,0,0,0,0,0,0,0.0,0.0,0,False
ramping,2,1,1,1,1,1,1,1,1,1,1,1.0,0.0,10,True
rebuilds,2,1,1,1,0,0,1,0,1,0,1,0.6,0.516,6,True
lesson,2,0,0,0,0,0,0,0,0,0,0,0.0,0.0,0,False
scratching,2,0,0,0,0,0,0,0,0,0,0,0.0,0.0,0,False
deals,2,1,1,1,1,1,1,1,1,1,1,1.0,0.0,10,True
fly,2,0,0,0,0,0,0,0,0,0,0,0.0,0.0,0,False
wings,2,0,0,0,0,0,0,0,0,0,0,0.0,0.0,0,False
potentially,2,0,0,0,0,0,0,0,0,0,0,0.0,0.0,0,False
insurers,2,0,0,0,0,0,0,0,0,0,0,0.0,0.0,0,False
taxes,2,-1,-1,-1,-1,-1,-1,-1,-1,-1,-1,-1.0,0.0,10,True
spurs,2,1,1,1,1,1,1,1,1,1,1,1.0,0.0,10,True
swings,2,-1,-1,-1,-1,-1,-1,0,-1,-1,-1,-0.9,0.316,9,True
robotaxi,2,0,0,0,0,0,0,0,0,0,0,0.0,0.0,0,False
powers,2,0,0,0,0,0,0,0,0,0,1,0.1,0.316,1,False
figma,2,0,0,0,0,0,0,0,0,0,0,0.0,0.0,0,False
optical,2,0,0,0,0,0,0,0,0,0,0,0.0,0.0,0,False
module,2,0,0,0,0,0,0,0,0,0,0,0.0,0.0,0,False
makers,2,0,0,0,0,0,0,0,0,0,0,0.0,0.0,0,False
stirs,2,0,0,-1,-1,-1,-1,0,0,0,-1,-0.5,0.527,5,True
spooked,2,-2,-2,-3,-3,-3,-3,-2,-2,-2,-3,-2.5,0.527,10,True
benchmarks,2,0,0,0,0,0,0,0,0,0,0,0.0,0.0,0,False
kenya,2,0,0,0,0,0,0,0,0,0,0,0.0,0.0,0,False
africa,2,0,0,0,0,0,0,0,0,0,0,0.0,0.0,0,False
brokerages,2,0,0,0,0,0,0,0,0,0,0,0.0,0.0,0,False
coverage,2,0,0,0,0,0,0,0,0,0,0,0.0,0.0,0,False
tracker,2,0,0,0,0,0,0,0,0,0,0,0.0,0.0,0,False
pares,2,-1,-1,-1,-1,-1,-1,-1,-1,-1,-1,-1.0,0.0,10,True
vessels,2,0,0,0,0,0,0,0,0,0,0,0.0,0.0,0,False
overstimulated,2,-1,-1,-1,-2,-1,-1,-1,-1,-1,-1,-1.1,0.316,10,True
braces,2,-1,-1,-1,-1,-1,-1,-1,-1,-1,-1,-1.0,0.0,10,True
leases,2,0,0,0,0,0,0,0,0,0,0,0.0,0.0,0,False
fizzles,2,-2,-2,-2,-2,-2,-2,-2,-2,-2,-2,-2.0,0.0,10,True
sizzles,2,2,2,2,2,2,2,2,2,2,2,2.0,0.0,10,True
volumes,2,0,0,0,0,0,0,0,0,0,0,0.0,0.0,0,False
fertilizer,2,0,0,0,0,0,0,0,0,0,0,0.0,0.0,0,False
unwinds,2,-1,-1,-1,-1,-1,-1,-1,-1,-1,-1,-1.0,0.0,10,True
auction,2,0,0,0,0,0,0,0,0,0,0,0.0,0.0,0,False
robinhood,2,0,0,0,0,0,0,0,0,0,0,0.0,0.0,0,False
targets,2,0,0,0,0,0,0,0,0,0,0,0.0,0.0,0,False
spotify,2,0,0,0,0,0,0,0,0,0,0,0.0,0.0,0,False
marketing,2,0,0,0,0,0,0,0,0,0,0,0.0,0.0,0,False
features,2,0,0,0,0,0,0,0,0,0,0,0.0,0.0,0,False
pharma,2,0,0,0,0,0,0,0,0,0,0,0.0,0.0,0,False
hires,2,1,1,1,1,1,1,1,1,1,1,1.0,0.0,10,True
rallies,2,3,3,3,3,3,3,3,3,3,3,3.0,0.0,10,True
buying,2,1,1,1,1,1,1,1,1,1,1,1.0,0.0,10,True
via,2,0,0,0,0,0,0,0,0,0,0,0.0,0.0,0,False
euros,2,0,0,0,0,0,0,0,0,0,0,0.0,0.0,0,False
fuels,2,0,1,1,1,0,1,0,1,1,1,0.7,0.483,7,True
invests,2,1,1,1,1,1,1,1,1,1,1,1.0,0.0,10,True
unitree,2,0,0,0,0,0,0,0,0,0,0,0.0,0.0,0,False
budweiser,2,0,0,0,0,0,0,0,0,0,0,0.0,0.0,0,False
shareholder,2,0,0,0,0,0,0,0,0,0,0,0.0,0.0,0,False
inflows,2,2,2,2,2,2,2,2,2,2,2,2.0,0.0,10,True
undercuts,2,-1,-1,-1,-1,-1,-1,-1,-1,-1,-1,-1.0,0.0,10,True
skids,2,-2,-3,-3,-3,-3,-3,-2,-2,-2,-2,-2.5,0.527,10,True
reality,2,0,0,0,0,0,0,0,0,0,0,0.0,0.0,0,False
brakes,2,-1,-1,-1,-1,-1,-1,-1,-1,-1,-1,-1.0,0.0,10,True
discussing,2,0,0,0,0,0,0,0,0,0,0,0.0,0.0,0,False
concessions,2,-1,-1,-1,-1,-1,-1,-1,-1,-1,-1,-1.0,0.0,10,True
customer,2,0,0,0,0,0,0,0,0,0,0,0.0,0.0,0,False
cricket,2,0,0,0,0,0,0,0,0,0,0,0.0,0.0,0,False
captain,2,0,0,0,0,0,0,0,0,0,0,0.0,0.0,0,False
shakib,2,0,0,0,0,0,0,0,0,0,0,0.0,0.0,0,False
houses,2,0,0,0,0,0,0,0,0,0,0,0.0,0.0,0,False
drones,2,0,0,0,0,0,0,0,0,0,0,0.0,0.0,0,False
threefold,2,2,2,2,2,2,2,1,2,2,2,1.9,0.316,10,True
picked,2,0,0,0,0,0,0,0,0,0,0,0.0,0.0,0,False
offsets,2,0,0,0,0,0,0,0,0,0,0,0.0,0.0,0,False
shifts,2,0,0,0,0,0,0,0,0,0,0,0.0,0.0,0,False
container,2,0,0,0,0,0,0,0,0,0,0,0.0,0.0,0,False
shippers,2,0,0,0,0,0,0,0,0,0,0,0.0,0.0,0,False
walks,2,0,0,0,0,0,0,0,0,0,0,0.0,0.0,0,False
steeper,2,-1,-1,-1,-1,-1,-1,-1,-1,-1,-1,-1.0,0.0,10,True
revises,2,0,0,0,0,0,0,0,0,0,0,0.0,0.0,0,False
bbl,2,0,0,0,0,0,0,0,0,0,0,0.0,0.0,0,False
matches,2,0,0,0,0,0,0,0,0,0,0,0.0,0.0,0,False
trend,2,0,0,0,0,0,0,0,0,0,0,0.0,0.0,0,False
deepens,2,-1,-1,-1,-1,-1,-1,-1,-1,-1,-1,-1.0,0.0,10,True
inference,2,0,0,0,0,0,0,0,0,0,0,0.0,0.0,0,False
heats,2,1,1,1,1,1,1,1,1,1,1,1.0,0.0,10,True
packer,2,0,0,0,0,0,0,0,0,0,0,0.0,0.0,0,False
arm,2,0,0,0,0,0,0,0,0,0,0,0.0,0.0,0,False
deliveries,2,0,0,0,0,0,0,0,0,0,0,0.0,0.0,0,False
confirms,2,0,0,0,0,0,0,0,0,1,0,0.1,0.316,1,False
unions,2,0,0,0,0,0,0,0,0,0,0,0.0,0.0,0,False
bhp,2,0,0,0,0,0,0,0,0,0,0,0.0,0.0,0,False
ore,2,0,0,0,0,0,0,0,0,0,0,0.0,0.0,0,False
operations,2,0,0,0,0,0,0,0,0,0,0,0.0,0.0,0,False
mineral,2,0,0,0,0,0,0,0,0,0,0,0.0,0.0,0,False
bookings,2,1,1,1,1,1,1,1,1,1,1,1.0,0.0,10,True
promotions,2,1,0,1,1,1,1,1,1,1,0,0.8,0.422,8,True
fuel,2,0,0,0,0,0,0,0,0,0,0,0.0,0.0,0,False
banking,2,0,0,0,0,0,0,0,0,0,0,0.0,0.0,0,False
memo,2,0,0,0,0,0,0,0,0,0,0,0.0,0.0,0,False
hospital,2,0,0,0,0,0,0,0,0,0,0,0.0,0.0,0,False
delivery,2,0,0,0,0,0,0,0,0,0,0,0.0,0.0,0,False
exports,2,0,0,0,0,0,0,0,0,0,0,0.0,0.0,0,False
refinery,2,0,0,0,0,0,0,0,0,0,0,0.0,0.0,0,False
minerals,2,0,0,0,0,0,0,0,0,0,0,0.0,0.0,0,False
sprint,2,0,0,0,0,0,0,0,0,0,0,0.0,0.0,0,False
races,2,0,0,0,0,0,0,0,0,0,0,0.0,0.0,0,False
mrna,2,0,0,0,0,0,0,0,0,0,0,0.0,0.0,0,False
reaffirms,2,1,1,1,1,1,1,1,1,1,1,1.0,0.0,10,True
soda,2,0,0,0,0,0,0,0,0,0,0,0.0,0.0,0,False
lettuce,2,0,0,0,0,0,0,0,0,0,0,0.0,0.0,0,False
forces,2,0,0,0,0,0,0,0,0,0,0,0.0,0.0,0,False
joining,2,0,0,0,0,0,0,0,0,0,0,0.0,0.0,0,False
coffee,2,0,0,0,0,0,0,0,0,0,0,0.0,0.0,0,False
explores,2,0,0,0,0,0,0,0,0,0,0,0.0,0.0,0,False
agent,2,0,0,0,0,0,0,0,0,0,0,0.0,0.0,0,False
spent,2,0,0,0,0,0,0,0,0,0,0,0.0,0.0,0,False
hacking,2,-2,-3,-2,-3,-3,-3,-2,-2,-2,-3,-2.5,0.527,10,True
notice,2,0,0,0,0,0,0,0,0,0,0,0.0,0.0,0,False
missile,2,-2,-2,-2,-3,-3,-2,-2,-2,-2,-2,-2.2,0.422,10,True
deploys,2,0,0,0,0,0,0,0,0,0,0,0.0,0.0,0,False
departs,2,-1,-1,-1,-1,-1,-1,-1,-1,-1,-1,-1.0,0.0,10,True
craters,2,-4,-4,-4,-4,-4,-4,-4,-4,-4,-4,-4.0,0.0,10,True
restructuring,2,-1,-1,-1,-1,-1,-1,-1,-1,-1,-1,-1.0,0.0,10,True
books,2,0,0,0,0,0,0,0,0,0,0,0.0,0.0,0,False
supertanker,2,0,0,0,0,0,0,0,0,0,0,0.0,0.0,0,False
pilots,2,0,0,0,0,0,0,0,0,0,0,0.0,0.0,0,False
union,2,0,0,0,0,0,0,0,0,0,0,0.0,0.0,0,False
provisional,2,0,0,0,0,0,0,0,0,0,0,0.0,0.0,0,False
replimune,2,0,0,0,0,0,0,0,0,0,0,0.0,0.0,0,False
skin,2,0,0,0,0,0,0,0,0,0,0,0.0,0.0,0,False
renews,2,1,1,1,0,0,1,0,1,1,1,0.7,0.483,7,True
continuing,2,0,0,0,0,0,0,0,0,0,0,0.0,0.0,0,False
pushes,2,0,0,0,0,0,0,0,0,0,0,0.0,0.0,0,False
midterms,2,0,0,0,0,0,0,0,0,0,0,0.0,0.0,0,False
radar,2,0,0,0,0,0,0,0,0,0,0,0.0,0.0,0,False
bps,2,0,0,0,0,0,0,0,0,0,0,0.0,0.0,0,False
ipsos,2,0,0,0,0,0,0,0,0,0,0,0.0,0.0,0,False
clearer,2,1,1,1,1,1,1,1,1,1,1,1.0,0.0,10,True
acting,2,0,0,0,0,0,0,0,0,0,0,0.0,0.0,0,False
hiked,2,-1,-1,-1,-1,-1,-1,0,0,-1,-1,-0.8,0.422,8,True
repeat,2,0,0,0,0,0,0,0,0,0,0,0.0,0.0,0,False
backstop,2,1,1,1,1,1,1,0,1,1,1,0.9,0.316,9,True
faced,2,-1,-1,-1,-1,-1,-1,-1,-1,-1,-1,-1.0,0.0,10,True
grinds,2,-1,-1,-1,-1,-1,-1,-1,-1,-1,-1,-1.0,0.0,10,True
retreats,2,-2,-2,-2,-2,-2,-2,-2,-2,-2,-2,-2.0,0.0,10,True
delays,2,-2,-2,-2,-2,-2,-2,-2,-2,-2,-2,-2.0,0.0,10,True
intervenes,2,0,-1,-1,-1,-1,0,0,0,-1,-1,-0.6,0.516,6,True
ghana,2,0,0,0,0,0,0,0,0,0,0,0.0,0.0,0,False
lifted,2,2,2,2,2,2,2,2,2,2,2,2.0,0.0,10,True
around,2,0,0,0,0,0,0,0,0,0,0,0.0,0.0,0,False
communication,2,0,0,0,0,0,0,0,0,0,0,0.0,0.0,0,False
function,2,0,0,0,0,0,0,0,0,0,0,0.0,0.0,0,False
midweek,2,0,0,0,0,0,0,0,0,0,0,0.0,0.0,0,False
thoughts,2,0,0,0,0,0,0,0,0,0,0,0.0,0.0,0,False
knight,2,0,0,0,0,0,0,0,0,0,0,0.0,0.0,0,False
shaped,2,0,0,0,0,0,0,0,0,0,0,0.0,0.0,0,False
pair,2,0,0,0,0,0,0,0,0,0,0,0.0,0.0,0,False
tighter,2,-1,-1,-1,-1,-1,-1,-1,-1,-1,-1,-1.0,0.0,10,True
softer,2,-1,-1,-1,-1,-1,-1,-1,-1,-1,-1,-1.0,0.0,10,True
upsizing,2,1,1,1,1,1,1,1,1,1,1,1.0,0.0,10,True
restarts,2,1,1,1,1,1,1,1,1,1,1,1.0,0.0,10,True
buybacks,2,2,2,2,2,2,2,2,2,2,2,2.0,0.0,10,True
stays,2,0,0,0,0,0,0,0,0,0,0,0.0,0.0,0,False
openings,2,1,1,1,1,1,1,1,1,1,1,1.0,0.0,10,True
vacancies,2,0,0,0,0,0,0,0,0,0,0,0.0,0.0,0,False
upsize,2,1,1,1,1,1,1,1,1,1,1,1.0,0.0,10,True
pact,2,1,1,1,1,1,1,1,1,1,1,1.0,0.0,10,True
changer,2,0,0,0,0,0,0,0,0,0,0,0.0,0.0,0,False
seas,2,0,0,0,0,0,0,0,0,0,0,0.0,0.0,0,False
drama,2,-1,-1,-1,-1,-1,-1,-1,-1,-1,-1,-1.0,0.0,10,True
roil,2,-2,-2,-2,-2,-2,-2,-2,-2,-2,-2,-2.0,0.0,10,True
indonesia,2,0,0,0,0,0,0,0,0,0,0,0.0,0.0,0,False
ruled,2,0,0,0,0,0,0,0,0,0,0,0.0,0.0,0,False
turns,2,0,0,0,0,0,0,0,0,0,0,0.0,0.0,0,False
speech,2,0,0,0,0,0,0,0,0,0,0,0.0,0.0,0,False
peers,2,0,0,0,0,0,0,0,0,0,0,0.0,0.0,0,False
persists,2,-1,-1,-1,-1,-1,-1,-1,-1,-1,-1,-1.0,0.0,10,True
officer,2,0,0,0,0,0,0,0,0,0,0,0.0,0.0,0,False
types,2,0,0,0,0,0,0,0,0,0,0,0.0,0.0,0,False
loans,2,0,0,0,0,0,0,0,0,0,0,0.0,0.0,0,False
edges,2,0,0,0,0,0,0,0,0,0,0,0.0,0.0,0,False
