date,compound,score_100,z_expanding,z_full,band
2020-01-02,0.0,50.0,,-2.140614486744713,n/a
2020-01-03,0.07680005682351837,53.84000284117592,,-0.3906364724753401,n/a
2020-01-06,-0.024384121631057108,48.780793918447145,,-2.696234866683715,n/a
2020-01-07,0.052429517885436996,52.62147589427185,,-0.9459473550641393,n/a
2020-01-08,0.11787967436974792,55.89398371848739,,0.545410068553803,n/a
2020-01-09,0.07178612914862915,53.58930645743146,,-0.5048846066447635,n/a
2020-01-10,0.10661904960317459,55.330952480158736,,0.2888237249561295,n/a
2020-01-13,0.0391711507936508,51.95855753968254,,-1.2480545653368478,n/a
2020-01-14,0.11417801221804513,55.708900610902255,,0.4610634202613615,n/a
2020-01-15,0.0811352380952381,54.056761904761906,,-0.2918543591910335,n/a
2020-01-16,0.10784942513942512,55.392471256971255,,0.3168592528813345,n/a
2020-01-17,0.182260674025674,59.113033701283705,,2.012405518745368,n/a
2020-01-21,0.22147746295015525,61.07387314750776,,2.906005357685444,n/a
2020-01-22,0.13686574210357544,56.843287105178774,,0.978029554604145,n/a
2020-01-23,0.1328862533068783,56.64431266534391,,0.8873523052597287,n/a
2020-01-24,0.11708035886818496,55.854017943409254,,0.5271967414801809,n/a
2020-01-27,0.143537232962286,57.1768616481143,,1.1300471807365151,n/a
2020-01-28,0.05317267676767677,52.65863383838384,,-0.9290136214340052,n/a
2020-01-29,0.0914189590964591,54.570947954822955,,-0.057527896407662524,n/a
2020-01-30,0.12394120833333336,56.197060416666666,,0.683529122207594,n/a
2020-01-31,0.04966671122627373,52.48333556131368,,-1.0089010963917435,n/a
2020-02-03,0.06722701844226234,53.36135092211312,,-0.6087692107811365,n/a
2020-02-04,0.1275973975678699,56.37986987839349,,0.7668396175520188,n/a
2020-02-05,0.16280433646530237,58.14021682326512,,1.5690703914407833,n/a
2020-02-06,0.11847067969067969,55.92353398453398,,0.5588768075215038,n/a
2020-02-07,0.15034890255247402,57.5174451276237,,1.285258941200293,n/a
2020-02-10,0.13323223348348348,56.661611674174175,,0.8952358632605201,n/a
2020-02-11,0.1331775581395349,56.65887790697675,,0.8939900223876102,n/a
2020-02-12,0.10049504068146103,55.02475203407305,,0.14928110721021956,n/a
2020-02-13,0.15682818627450978,57.84140931372549,,1.432896905685547,n/a
2020-02-14,0.10182070198740654,55.09103509937032,,0.17948783147219521,n/a
2020-02-18,0.1950820466434176,59.75410233217088,,2.304555305110313,n/a
2020-02-19,0.09996277409482308,54.99813870474115,,0.13715279815848042,n/a
2020-02-20,0.1604812822871573,58.02406411435786,,1.5161369183959335,n/a
2020-02-21,0.1275886870038793,56.37943435019397,,0.7666411372890384,n/a
2020-02-24,0.09253410813492065,54.626705406746034,,-0.032117937344406024,n/a
2020-02-25,0.022505566618566616,51.125278330928325,,-1.6277991528749927,n/a
2020-02-26,0.03386637660788824,51.69331883039441,,-1.3689299732428661,n/a
2020-02-27,0.08214964669201012,54.10748233460051,,-0.26873988746718663,n/a
2020-02-28,0.025334526224982744,51.26672631124913,,-1.563338040224249,n/a
2020-03-02,-0.06464193337024732,46.76790333148764,,-3.6135556130481157,n/a
2020-03-03,0.09347235287282163,54.67361764364108,,-0.010738947129547732,n/a
2020-03-04,0.03301496977277464,51.65074848863873,,-1.388330261527433,n/a
2020-03-05,0.19510438311688316,59.755219155844166,,2.3050642674613586,n/a
2020-03-06,0.05366279158825671,52.68313957941284,,-0.9178457890656861,n/a
2020-03-09,-0.02545608333108333,48.72719583344583,,-2.720660752350642,n/a
2020-03-10,-0.021605755012531327,48.91971224937343,,-2.6329265737071514,n/a
2020-03-11,0.13594851293521668,56.797425646760836,,0.9571294284185234,n/a
2020-03-12,0.06410769705988457,53.20538485299423,,-0.6798465519235438,n/a
2020-03-13,-0.09302239329384067,45.34888033530797,,-4.26023717755879,n/a
2020-03-16,0.0895208359522671,54.47604179761335,,-0.10077882496289911,n/a
2020-03-17,-0.028783987895743865,48.560800605212805,,-2.7964909022569797,n/a
2020-03-18,0.11037667705971277,55.51883385298564,,0.37444560737045074,n/a
2020-03-19,0.028219931149473836,51.41099655747369,,-1.4975907557954458,n/a
2020-03-20,0.053354002192982454,52.66770010964912,,-0.9248819121510047,n/a
2020-03-23,0.06421773337079587,53.21088666853979,,-0.6773392474653122,n/a
2020-03-24,0.0541047342155133,52.70523671077566,,-0.9077756157708363,n/a
2020-03-25,0.2377067587273837,61.88533793636919,,3.2758086100774086,n/a
2020-03-26,0.17461360336817652,58.730680168408824,,1.8381581799063265,n/a
2020-03-27,0.12845987891335717,56.422993945667855,,0.7864922513487423,n/a
2020-03-30,0.10326709444401753,55.16335472220087,,0.21244555447089938,n/a
2020-03-31,0.11526438512949039,55.763219256474514,,0.4858176820283228,n/a
2020-04-01,0.11565360741971208,55.7826803709856,,0.4946865615412229,n/a
2020-04-02,-0.039900735930735926,48.004963203463205,,-3.049798848318953,n/a
2020-04-03,0.05513591923949066,52.75679596197453,,-0.8842788737729602,n/a
2020-04-06,0.05134106398809524,52.567053199404754,,-0.9707490344987176,n/a
2020-04-07,0.1765037820528769,58.82518910264385,,1.881228084774593,n/a
2020-04-08,0.17448009870691217,58.72400493534561,,1.8351161219746273,n/a
2020-04-09,0.1792586780054393,58.96293390027196,,1.9440015715138297,n/a
2020-04-13,0.17859673421141506,58.92983671057075,,1.9289184174884815,n/a
2020-04-14,-0.000969122638515223,49.95154386807424,,-2.162697065595267,n/a
2020-04-15,0.2272791682842902,61.363958414214515,,3.0382039158627685,n/a
2020-04-16,-0.034762426610426604,48.26187866947867,,-2.9327165346727595,n/a
2020-04-17,0.17114158500590318,58.55707925029516,,1.7590442306408989,n/a
2020-04-20,0.17077872117590104,58.53893605879505,,1.7507759590934366,n/a
2020-04-21,0.06897574972276649,53.44878748613833,,-0.5689223484177434,n/a
2020-04-22,-0.04357333620854897,47.82133318957255,,-3.133483288242498,n/a
2020-04-23,0.1635595145132645,58.177975725663224,,1.5862779956464585,n/a
2020-04-24,0.13978133344312696,56.989066672156355,,1.0444646713714945,n/a
2020-04-27,0.06589757255552796,53.2948786277764,,-0.6390621710883428,n/a
2020-04-28,0.13940478100980652,56.97023905049032,,1.035884489184324,n/a
2020-04-29,0.13441639267976985,56.7208196339885,,0.9222182984904588,n/a
2020-04-30,0.17407757235580512,58.70387861779025,,1.8259440940655811,n/a
2020-05-01,0.10086345807856448,55.04317290392823,,0.1576759231995759,n/a
2020-05-04,0.04871936646735636,52.435968323367824,,-1.0304874410978142,n/a
2020-05-05,0.13628249341397025,56.814124670698504,,0.9647395594416894,n/a
2020-05-06,0.14493364175683168,57.246682087841585,,1.161865968253859,n/a
2020-05-07,0.09739251867413631,54.869625933706814,,0.07858655923505935,n/a
2020-05-08,0.1965277700348432,59.82638850174216,,2.3374977826858627,n/a
2020-05-11,0.20201093174779153,60.10054658738958,,2.4624379564723613,n/a
2020-05-12,0.116328861724561,55.81644308622805,,0.5100730109320324,n/a
2020-05-13,0.05339655295111393,52.6698276475557,,-0.9239123439722734,n/a
2020-05-14,0.05902409543739087,52.95120477186954,,-0.7956822874765924,n/a
2020-05-15,0.12388954323062559,56.194477161531275,,0.6823518731587888,n/a
2020-05-18,0.11471568900154427,55.735784450077205,,0.4733150068984456,n/a
2020-05-19,0.1054920907836125,55.27460453918063,,0.263144666387819,n/a
2020-05-20,0.1837160878704629,59.18580439352314,,2.045568804495225,n/a
2020-05-21,0.15340908600291636,57.67045430014581,,1.354988756247317,n/a
2020-05-22,0.10735510101010103,55.36775505050505,,0.30559550655068046,n/a
2020-05-26,0.08135106837606837,54.06755341880341,,-0.28693641691484134,n/a
2020-05-27,0.15968727543290043,57.98436377164502,,1.4980445549837347,n/a
2020-05-28,0.1622760878823074,58.11380439411538,,1.5570336372436575,n/a
2020-05-29,0.08636505125661376,54.31825256283069,,-0.17268702482076073,n/a
2020-06-01,0.0722961617063492,53.614808085317456,,-0.4932629256267093,n/a
2020-06-02,0.12472638091018791,56.2363190455094,,0.7014201864038127,n/a
2020-06-03,0.13261521352985642,56.63076067649282,,0.881176350834713,n/a
2020-06-04,0.16049489745957138,58.02474487297857,,1.5164471558276595,n/a
2020-06-05,0.1341616609977324,56.70808304988662,,0.9164139428487954,n/a
2020-06-08,0.0869320969616803,54.34660484808401,,-0.1597662333787395,n/a
2020-06-09,0.19371707651481646,59.68585382574082,,2.273452883914512,n/a
2020-06-10,0.1472411925805676,57.36205962902838,,1.2144461794589947,n/a
2020-06-11,0.09057080532212886,54.52854026610644,,-0.07685405994434258,n/a
2020-06-12,0.0570627801474841,52.8531390073742,,-0.840373122071602,n/a
2020-06-15,0.04991448107448107,52.49572405372406,,-1.0032553741762178,n/a
2020-06-16,0.03605595784686694,51.80279789234334,,-1.3190378353050733,n/a
2020-06-17,0.08028015522875818,54.01400776143791,,-0.3113384100968407,n/a
2020-06-18,0.0744612380952381,53.723061904761906,,-0.4439291590062501,n/a
2020-06-19,0.06281710978835978,53.140855489417994,,-0.7092540737936642,n/a
2020-06-22,0.0540557398873528,52.70278699436764,,-0.9088920081362936,n/a
2020-06-23,0.09458577008928572,54.72928850446429,,0.014631550368896571,n/a
2020-06-24,0.09025429487179487,54.51271474358974,,-0.08406611618856884,n/a
2020-06-25,0.002922317001180634,50.14611585005903,,-2.074026118007651,n/a
2020-06-26,-0.004357557703081234,49.78212211484594,,-2.239906472866878,n/a
2020-06-29,0.10208511221772659,55.104255610886334,,0.1855127240171519,n/a
2020-06-30,0.07115980813541296,53.55799040677065,,-0.5191560544579079,n/a
2020-07-01,0.10216666666666667,55.108333333333334,,0.18737103634807675,n/a
2020-07-02,0.11483140278838808,55.74157013941941,,0.47595167920443515,n/a
2020-07-06,0.13355023910984848,56.67751195549242,,0.9024819888178404,n/a
2020-07-07,0.07801469696969696,53.900734848484845,,-0.36295949359046886,n/a
2020-07-08,0.021811526806526798,51.09057634032634,,-1.6436136517481894,n/a
2020-07-09,0.06181399769585253,53.09069988479263,,-0.7321111416180988,n/a
2020-07-10,0.08410880696364567,54.205440348182286,,-0.22409815745296863,n/a
2020-07-13,0.10331377389971139,55.16568869498557,,0.21350919979306604,n/a
2020-07-14,0.08086571428571428,54.043285714285716,,-0.2979957705453588,n/a
2020-07-15,0.13374590853814644,56.687295426907326,,0.906940542779242,n/a
2020-07-16,0.12251693825356229,56.125846912678114,,0.6510754831209915,n/a
2020-07-17,0.06791147907647908,53.39557395382395,,-0.5931729845405183,n/a
2020-07-20,0.021488398526077097,51.07441992630386,,-1.6509765028965286,n/a
2020-07-21,0.07771876714194895,53.88593835709745,,-0.36970259657430293,n/a
2020-07-22,0.14998638591103944,57.49931929555198,,1.276998580745418,n/a
2020-07-23,0.10241901851851852,55.120950925925925,,0.19312116480977343,n/a
2020-07-24,0.04579576192082771,52.28978809604139,,-1.0971051480430047,n/a
2020-07-27,0.07180703703703703,53.59035185185185,,-0.5044081962545677,n/a
2020-07-28,0.029108029100529096,51.45540145502645,,-1.4773544180485143,n/a
2020-07-29,0.09798867701661562,54.89943385083078,,0.09217071575149915,n/a
2020-07-30,0.07000104540740278,53.500052270370134,,-0.5455598018201349,n/a
2020-07-31,0.07512467221409082,53.75623361070454,,-0.4288120462080616,n/a
2020-08-03,0.08205306711145996,54.102653355573,,-0.2709405647789074,n/a
2020-08-04,0.10694688842203548,55.34734442110177,,0.29629391116378706,n/a
2020-08-05,0.10535043645243646,55.26752182262182,,0.2599169088126668,n/a
2020-08-06,0.09189683473389355,54.594841736694676,,-0.04663894796603732,n/a
2020-08-07,0.12440945238095238,56.22047261904763,,0.6941986037488522,n/a
2020-08-10,0.08386667451596022,54.19333372579801,,-0.2296154249852634,n/a
2020-08-11,0.10494944444444444,55.24747222222223,,0.25077984268397785,n/a
2020-08-12,0.10430526785714285,55.21526339285714,,0.23610153498850764,n/a
2020-08-13,0.07540329485329485,53.77016474266474,,-0.4224633075084914,n/a
2020-08-14,0.0011240860215053741,50.05620430107527,,-2.1150008881987867,n/a
2020-08-17,0.0879892156862745,54.399460784313725,,-0.13567856205365936,n/a
2020-08-18,0.15606628128128128,57.80331406406406,,1.4155360202609955,n/a
2020-08-19,0.057690936569940475,52.88454682849702,,-0.8260598523386536,n/a
2020-08-20,0.11987737179487179,55.99386858974359,,0.5909299121284372,n/a
2020-08-21,0.06932397944647944,53.46619897232397,,-0.5609875318874251,n/a
2020-08-24,0.09229377777777778,54.614688888888885,,-0.03759414216191217,n/a
2020-08-25,0.1145162918871252,55.72581459435626,,0.4687715133025525,n/a
2020-08-26,0.0911861111111111,54.55930555555556,,-0.06283360674017024,n/a
2020-08-27,0.10364605042016806,55.182302521008396,,0.22108050415802313,n/a
2020-08-28,0.06563640698969647,53.28182034948482,,-0.6450131302046855,n/a
2020-08-31,0.07389652038132807,53.6948260190664,,-0.4567969044804778,n/a
2020-09-01,0.11732472163865545,55.866236081932776,,0.5327648294936038,n/a
2020-09-02,0.10223794162826423,55.11189708141321,,0.18899511868502356,n/a
2020-09-03,0.10175731746031744,55.08786587301587,,0.17804354180056708,n/a
2020-09-04,0.03519550903119869,51.75977545155993,,-1.3386441555618882,n/a
2020-09-08,0.07493061755952382,53.7465308779762,,-0.43323380568460723,n/a
2020-09-09,0.018048054723054718,50.90240273615274,,-1.7293687107389264,n/a
2020-09-10,0.06270160353535353,53.13508017676768,,-0.7118860172014162,n/a
2020-09-11,0.09304503787878789,54.65225189393939,,-0.02047581290355445,n/a
2020-09-14,-0.012588035714285717,49.370598214285714,,-2.427447422213217,n/a
2020-09-15,0.10829417084084685,55.41470854204235,,0.3269932974591598,n/a
2020-09-16,0.04319977011494253,52.15998850574712,,-1.156257820233889,n/a
2020-09-17,0.03698695887445889,51.84934794372295,,-1.2978239013975474,n/a
2020-09-18,0.0483230698728355,52.41615349364177,,-1.0395175168064206,n/a
2020-09-21,0.04094425633889919,52.047212816944956,,-1.2076523071940706,n/a
2020-09-22,0.09126812365591397,54.563406182795696,,-0.0609648561658211,n/a
2020-09-23,0.15315744916003537,57.65787245800177,,1.3492549200910027,n/a
2020-09-24,0.04948645833333332,52.47432291666667,,-1.0130083667858083,n/a
2020-09-25,0.08720254409171077,54.36012720458554,,-0.15360378310004774,n/a
2020-09-28,0.09575601851851852,54.78780092592592,,0.04129701270177264,n/a
2020-09-29,0.08762185074986933,54.38109253749347,,-0.14404939651019608,n/a
2020-09-30,0.11258907407407408,55.6294537037037,,0.42485762910715763,n/a
2020-10-01,0.044558768780239386,52.227938439011965,,-1.125291465727721,n/a
2020-10-02,0.07945233440170939,53.97261672008546,,-0.33020126394106253,n/a
2020-10-05,0.049686639194139195,52.484331959706964,,-1.0084470146231046,n/a
2020-10-06,0.10924198185941045,55.46209909297052,,0.3485902664298951,n/a
2020-10-07,0.04033675925925926,52.01683796296296,,-1.2214948299352408,n/a
2020-10-08,0.09531857777777777,54.765928888888894,,0.03132942009177264,n/a
2020-10-09,0.0984280863437329,54.92140431718664,,0.10218316487620514,n/a
2020-10-12,0.12348194885361553,56.17409744268078,,0.673064364424959,n/a
2020-10-13,0.10374341763791765,55.18717088189589,,0.22329912869321536,n/a
2020-10-14,0.019587289961013644,50.979364498050685,,-1.6942954577150822,n/a
2020-10-15,0.11089454014622152,55.54472700731108,,0.3862457160328017,n/a
2020-10-16,0.13811738162878787,56.9058690814394,,1.0065496070820443,n/a
2020-10-19,0.13924079059829061,56.962039529914534,,1.0321477782159587,n/a
2020-10-20,0.11797783520533522,55.898891760266764,,0.5476467765882138,n/a
2020-10-21,0.19971966666666663,59.98598333333334,,2.4102288347259337,n/a
2020-10-22,0.055574605654761904,52.778730282738096,,-0.8742828970297729,n/a
2020-10-23,0.08311472497531708,54.15573624876585,,-0.24674946392210384,n/a
2020-10-26,0.1456668484848485,57.28334242424242,,1.1785729305532764,n/a
2020-10-27,0.06836292328042329,53.41814616402117,,-0.582886306844597,n/a
2020-10-28,0.03707433978174603,51.8537169890873,,-1.2958328264824497,n/a
2020-10-29,0.018145001546072972,50.907250077303644,,-1.727159665383337,n/a
2020-10-30,0.1387107142857143,56.93553571428571,,1.0200693770889213,n/a
2020-11-02,0.13897481387536076,56.94874069376804,,1.0260871913272747,n/a
2020-11-03,0.08501188223938225,54.25059411196911,,-0.20352054406134615,n/a
2020-11-04,0.09536149603174603,54.7680748015873,,0.03230736208766872,n/a
2020-11-05,0.0673186185515873,53.36593092757936,,-0.6066819964735793,n/a
2020-11-06,0.08953619915172546,54.47680995758627,,-0.10042875671564702,n/a
2020-11-09,0.049092086834733886,52.4546043417367,,-1.0219945769599685,n/a
2020-11-10,0.16266656882591093,58.13332844129555,,1.5659311966278595,n/a
2020-11-11,0.05866475490196079,52.93323774509804,,-0.8038702766871128,n/a
2020-11-12,0.09573734254992321,54.786867127496166,,0.04087145918282479,n/a
2020-11-13,0.10316962442319587,55.158481221159796,,0.21022458744896122,n/a
2020-11-16,0.16407694920396948,58.203847460198475,,1.5980683428155344,n/a
2020-11-17,0.08917548313492063,54.458774156746024,,-0.10864808785825228,n/a
2020-11-18,0.0953306015037594,54.76653007518797,,0.031603394578089916,n/a
2020-11-19,0.1463159548611111,57.315797743055555,,1.1933635691851208,n/a
2020-11-20,0.04699224439775911,52.34961221988795,,-1.0698419126277023,n/a
2020-11-23,0.08539135204081634,54.269567602040816,,-0.19487388627156174,n/a
2020-11-24,0.10681028653364182,55.34051432668209,,0.2931812793340226,n/a
2020-11-25,0.11886543778801845,55.943271889400926,,0.5678718267945401,n/a
2020-11-27,0.15030547222222224,57.515273611111105,,1.2842693309547173,n/a
2020-11-30,0.11448063186813187,55.7240315934066,,0.46795895857528386,n/a
2020-12-01,0.014171941391941391,50.708597069597076,,-1.817690430680511,n/a
2020-12-02,0.19788027777777778,59.894013888888885,,2.3683162340276818,n/a
2020-12-03,0.05308467320261439,52.65423366013072,,-0.9310188843258083,n/a
2020-12-04,0.1270693256561884,56.353466282809414,,0.7548068890148578,n/a
2020-12-07,0.11990225061676675,55.99511253083834,,0.5914968048253683,n/a
2020-12-08,0.0929542328042328,54.64771164021164,,-0.022544911425455755,n/a
2020-12-09,0.07438163352272727,53.71908167613636,,-0.4457430411502368,n/a
2020-12-10,0.09768622819100092,54.884311409550044,,0.08527906987051144,n/a
2020-12-11,0.10552741836734694,55.27637091836735,,0.2639496461936869,n/a
2020-12-14,0.07185355182828868,53.59267759141444,,-0.5033483030019344,n/a
2020-12-15,0.13554688435374151,56.77734421768707,,0.9479778572276457,n/a
2020-12-16,0.050132841269841265,52.50664206349206,,-0.9982797848749024,n/a
2020-12-17,0.10494628968253969,55.24731448412699,,0.2507079577895912,n/a
2020-12-18,0.1604472619047619,58.02236309523809,,1.515361724682655,n/a
2020-12-21,0.11578731770833332,55.789365885416665,,0.49773330492979206,n/a
2020-12-22,0.14626877862269308,57.313438931134655,,1.1922886040947025,n/a
2020-12-23,0.09757537634408602,54.8787688172043,,0.08275318248233086,n/a
2020-12-24,0.13680040674603172,56.84002033730159,,0.9765408130070043,n/a
2020-12-28,0.2108021645021645,60.54010822510823,,2.6627563504265477,n/a
2020-12-29,0.14269834139716492,57.13491706985825,,1.1109320673363878,n/a
2020-12-30,0.015229434156378596,50.76147170781893,-1.4708049519053557,-1.7935942364255215,Fear
2020-12-31,0.1703208333333333,58.516041666666666,1.3920925542839906,1.740342455647781,Greed
2021-01-04,0.13379970443349756,56.689985221674874,0.7151512424869509,0.9081663443999158,Greed
2021-01-05,0.09931055555555555,54.96552777777778,0.0771228736721907,0.12229124529739735,Neutral
2021-01-06,0.11946888888888889,55.97344444444444,0.44962602241622995,0.5816221572355228,Neutral
2021-01-07,0.12943250384024577,56.47162519201229,0.6328256768533109,0.8086546338857349,Greed
2021-01-08,0.06404084942084941,53.20204247104247,-0.5807795766733985,-0.6813697526014583,Fear
2021-01-11,0.08006256200396826,54.00312810019842,-0.2820905888321029,-0.31629652308771034,Neutral
2021-01-12,0.12182676985454158,56.09133849272708,0.49517993796687804,0.635349198865695,Neutral
2021-01-13,0.1079267845117845,55.396339225589216,0.2352395901926473,0.3186219755462068,Neutral
2021-01-14,0.06417171819835853,53.20858590991793,-0.581517011374634,-0.6783877563260946,Fear
2021-01-15,0.07087347290640396,53.5436736453202,-0.45498627206366393,-0.5256805334257824,Neutral
2021-01-19,0.04943683581124757,52.47184179056238,-0.854170890342809,-1.0141390732755495,Fear
2021-01-20,0.083931195570855,54.19655977854275,-0.20657201558203497,-0.22814523821466376,Neutral
2021-01-21,0.07398307444189796,53.69915372209489,-0.3927083225015911,-0.4548246702230072,Neutral
2021-01-22,0.05829497395833333,52.91474869791667,-0.6861643723576688,-0.8122961626591858,Fear
2021-01-25,0.030751517857142856,51.53757589285715,-1.1997243732939307,-1.4399056281682867,Fear
2021-01-26,0.092812642742674,54.64063213713371,-0.031091838642853507,-0.025771204543129585,Neutral
2021-01-27,0.13701473013736995,56.85073650686849,0.8003227769364691,0.9814244190653592,Greed
2021-01-28,0.0541448318589623,52.707241592948115,-0.7617979418652231,-0.9068619446439873,Fear
2021-01-29,0.09790818986568986,54.8954094932845,0.06485184936306046,0.09033672303877459,Neutral
2021-02-01,0.07858157142857143,53.92907857142857,-0.30033614012317045,-0.3500426041907542,Neutral
2021-02-02,0.14507984901277585,57.25399245063879,0.9569989587830812,1.165197469479396,Greed
2021-02-03,0.10859553173434752,55.429776586717374,0.26469873402213856,0.33386015355014353,Neutral
2021-02-04,0.072210867003367,53.61054335016835,-0.42545989460313266,-0.49520646396673135,Neutral
2021-02-05,0.05336935623516269,52.668467811758134,-0.781578225769581,-0.9245320525629126,Fear
2021-02-08,0.05954365740740741,52.97718287037036,-0.6623314170215715,-0.7838434677909691,Fear
2021-02-09,0.10866165343915343,55.43308267195767,0.273058733865684,0.33536681297804344,Neutral
2021-02-10,0.08844412972085385,54.42220648604269,-0.11261415719901724,-0.12531282025836718,Neutral
2021-02-11,0.07914510673234812,53.95725533661741,-0.28985334238275506,-0.33720180129733796,Neutral
2021-02-12,0.10619411411411411,55.3097057057057,0.22774965130774774,0.2791410789517422,Neutral
2021-02-16,0.08011098039215686,54.00554901960785,-0.2721086733567908,-0.31519325417983496,Neutral
2021-02-17,0.06705094469127364,53.35254723456369,-0.5218919453063726,-0.6127812545980842,Fear
2021-02-18,0.10228890038780664,55.11444501939033,0.1558118148722634,0.1901562728888356,Neutral
2021-02-19,0.11354559183673468,55.67727959183674,0.372024608050917,0.4466529913001932,Neutral
2021-02-22,0.20245823529411766,60.122911764705876,2.0689173693951353,2.472630284501152,Extreme greed
2021-02-23,0.1164007142857143,55.82003571428571,0.41657573882404547,0.5117102545420991,Neutral
2021-02-24,0.1156218143738977,55.781090718694884,0.4008014220454512,0.4939621202649664,Neutral
2021-02-25,0.11076894465894466,55.53844723294723,0.3068227787264011,0.3833838777670905,Neutral
2021-02-26,0.05482187169312171,52.741093584656085,-0.7695316967309858,-0.8914348099051925,Fear
2021-03-01,0.05014541666666666,52.50727083333333,-0.8571845535584591,-0.9979932399311174,Fear
2021-03-02,0.08589253543083901,54.29462677154196,-0.16701482763215628,-0.18345384376205748,Neutral
2021-03-03,0.04785377777777778,52.39268888888889,-0.8995629947905968,-1.050210879319269,Fear
2021-03-04,0.10865806986117331,55.43290349305866,0.2757214369424224,0.3352851570140095,Neutral
2021-03-05,0.09357960899315738,54.678980449657864,-0.016286138141262504,-0.00829499252526172,Neutral
2021-03-08,0.07491620098039216,53.7458100490196,-0.3776407564088376,-0.4335623040941824,Neutral
2021-03-09,0.13961103801169591,56.9805519005848,0.8766874369326241,1.0405842932407885,Greed
2021-03-10,0.055005000000000005,52.75025,-0.7657003889088091,-0.8872620198828639,Fear
2021-03-11,0.11177585184260183,55.58879259213009,0.33785003181177303,0.40632742112747133,Neutral
2021-03-12,0.10842211399711399,55.4211056998557,0.2720386561054137,0.32990863007483867,Neutral
2021-03-15,0.09980853858784894,54.99042692939244,0.10382505209645294,0.13363836395897483,Neutral
2021-03-16,0.10469122076023389,55.2345610380117,0.1988959048108671,0.2448959177388362,Neutral
2021-03-17,0.10822465686274509,55.411232843137256,0.2675808846535838,0.3254093411654534,Neutral
2021-03-18,0.12906861979166664,56.45343098958333,0.6745530075705395,0.8003631154794377,Greed
2021-03-19,0.09162536764705882,54.581268382352945,-0.05997208708382653,-0.05282463913876619,Neutral
2021-03-22,0.116207326007326,55.8103663003663,0.4222960530640399,0.5073036792165823,Neutral
2021-03-23,0.06895722222222221,53.44786111111111,-0.5064670107463533,-0.569344518920645,Fear
2021-03-24,0.07870532258064515,53.93526612903226,-0.3138513654097087,-0.3472227912332294,Neutral
2021-03-25,0.09481796852910442,54.74089842645522,0.00406018634291321,0.019922460056160936,Neutral
2021-03-26,0.060829824929971986,53.041491246498595,-0.6660970313446415,-0.7545366550066047,Fear
2021-03-29,0.1623078336272781,58.1153916813639,1.3352097608030964,1.5577570007155448,Greed
2021-03-30,0.07721665489481279,53.86083274474064,-0.3451947956526539,-0.38114380416615307,Neutral
2021-03-31,0.0857452331002331,54.287261655011655,-0.17618074627896335,-0.18681029752879827,Neutral
2021-04-01,0.11869440836940838,55.93472041847042,0.47575299350790345,0.5639747239180571,Neutral
2021-04-05,0.07027183760683761,53.513591880341885,-0.4839381874380177,-0.5393894887364366,Neutral
2021-04-06,0.15583702088387805,57.7918510441939,1.2108831318053377,1.4103120572641932,Greed
2021-04-07,0.10578405026455026,55.28920251322751,0.2170782427183721,0.2697973004330298,Neutral
2021-04-08,0.09654333333333334,54.82716666666667,0.03334062893141659,0.05923689026463475,Neutral
2021-04-09,0.07916092796092797,53.9580463980464,-0.31219237256929017,-0.3368412963274387,Neutral
2021-04-12,0.08250043513957307,54.125021756978654,-0.24520669759284972,-0.26074676745810504,Neutral
2021-04-13,0.11695032879818594,55.84751643990929,0.4418228719207597,0.5242338561243085,Neutral
2021-04-14,0.17473717948717946,58.736858974358974,1.5883384769221447,1.840974004533135,Extreme greed
2021-04-15,0.10886102261090166,55.443051130545086,0.2740474928804463,0.33990966986790716,Neutral
2021-04-16,0.07351516865079365,53.67575843253968,-0.43111588691879826,-0.4654864441988169,Neutral
2021-04-19,0.10311447344322344,55.15572367216117,0.16055229056539758,0.20896790865979042,Neutral
2021-04-20,0.0945847971080324,54.72923985540162,-0.010262921733202032,0.014609379867048444,Neutral
2021-04-21,0.024665516211219332,51.23327581056096,-1.4063128866337966,-1.5785822062292594,Fear
2021-04-22,0.07927164786967418,53.96358239348371,-0.31212295332370343,-0.33431841530284373,Neutral
2021-04-23,0.1412451972101972,57.062259860509855,0.9281862321155417,1.0778204983618926,Greed
2021-04-26,0.09995656221382784,54.997828110691394,0.09978032764414373,0.13701125327403124,Neutral
2021-04-27,0.1288679288908546,56.44339644454273,0.6791191736104331,0.7957901414659927,Greed
2021-04-28,0.05826727988591269,52.913363994295636,-0.7387011246835626,-0.8129272040915271,Fear
2021-04-29,0.1231639521253995,56.15819760626998,0.5659223056245364,0.6658184416222394,Greed
2021-04-30,0.1578968288854003,57.894841444270014,1.2605708942190226,1.4572471620722975,Greed
2021-05-03,0.05880632914704343,52.940316457352175,-0.7317449498966653,-0.8006443439661147,Fear
2021-05-04,0.09960174999999999,54.980087499999996,0.08961360300188487,0.12892644710233808,Neutral
2021-05-05,0.19159583333333333,59.57979166666667,1.9311503502844238,2.2251179075609886,Extreme greed
2021-05-06,0.1372615046296296,56.86307523148149,0.8377756217576051,0.9870474609457796,Greed
2021-05-07,0.12406494444444448,56.20324722222222,0.5714995079447913,0.686348592439407,Greed
2021-05-10,0.016642222222222225,50.83211111111111,-1.5809151755352953,-1.7614022282902948,Extreme fear
2021-05-11,0.07878558897243106,53.939279448621555,-0.3332611260632147,-0.3453938287725254,Neutral
2021-05-12,0.04506850574712644,52.25342528735632,-1.007815340022537,-1.113676520088258,Fear
2021-05-13,0.07756673469387755,53.878336734693875,-0.3542172474227737,-0.37316683153173424,Neutral
2021-05-14,0.04265320987654321,52.13266049382717,-1.0534284305163075,-1.168711826653053,Fear
2021-05-17,0.05682545652173912,52.84127282608696,-0.7665714514225836,-0.8457808150408229,Fear
2021-05-18,0.07674278821276863,53.837139410638436,-0.36507256875283756,-0.39194140392805865,Neutral
2021-05-19,0.11506119444444446,55.75305972222222,0.4064998164640332,0.48118774754335525,Neutral
2021-05-20,0.06714701388888888,53.35735069444445,-0.5592529681013544,-0.610592206951134,Fear
2021-05-21,0.14057900537634413,57.028950268817205,0.9214693867960579,1.062640547841706,Greed
2021-05-24,0.04852203869047618,52.42610193452381,-0.935766702724259,-1.0349837824473886,Fear
2021-05-25,0.1497338888888889,57.48669444444444,1.1057752718084917,1.2712451444107584,Greed
2021-05-26,0.11064083333333331,55.532041666666665,0.31563849744365247,0.38046471321863473,Neutral
2021-05-27,0.10446680262445888,55.22334013122294,0.19049004645644152,0.23978229126701864,Neutral
2021-05-28,0.08700449206349206,54.3502246031746,-0.16293277872031317,-0.15811662735302318,Neutral
2021-06-01,0.1297675238095238,56.48837619047619,0.7028476663025773,0.8162884509013247,Greed
2021-06-02,0.12611653371320036,56.30582668566002,0.6275236933119572,0.7330964239271405,Greed
2021-06-03,0.1253245868347339,56.2662293417367,0.6102658037735545,0.7150509994430109,Greed
2021-06-04,0.11816854166666668,55.908427083333336,0.4639962422396099,0.5519922436140525,Neutral
2021-06-07,0.12756942528735632,56.37847126436781,0.6540282360859069,0.7662022368268935,Greed
2021-06-08,0.04581576441102755,52.29078822055138,-1.008359822388691,-1.0966493681968963,Fear
2021-06-09,0.07881374999999997,53.940687499999996,-0.33573571395363283,-0.344752147227707,Neutral
2021-06-10,0.09167776806526805,54.5838884032634,-0.07329539441140652,-0.051630635076826546,Neutral
2021-06-11,0.10113133458646616,55.05656672932331,0.11959224106289407,0.1637797988834727,Neutral
2021-06-14,0.09199642857142858,54.599821428571424,-0.06711595769174539,-0.04436958732684651,Neutral
2021-06-15,0.08605755430242272,54.302877715121134,-0.18846043805169366,-0.17969369814296815,Neutral
2021-06-16,0.06143860215053764,53.071930107526875,-0.6918561052889146,-0.7406649627756222,Fear
2021-06-17,0.11402790476190477,55.701395238095245,0.3866101884880955,0.4576430484688393,Neutral
2021-06-18,0.04825442708333333,52.41272135416667,-0.9620306249400549,-1.041081622061482,Fear
2021-06-21,0.14612984848484845,57.306492424242414,1.0458134718450893,1.1891229204115963,Greed
2021-06-22,0.06261531084656086,53.13076554232804,-0.6684320513882636,-0.7138522958010078,Fear
2021-06-23,0.01752791666666667,50.87639583333333,-1.5877310552851693,-1.7412206572180233,Extreme fear
2021-06-24,0.13703985119047618,56.851992559523815,0.8620148416676101,0.9819968312802689,Greed
2021-06-25,0.11758024453024453,55.87901222651222,0.4619174764637217,0.5385872137589013,Neutral
2021-06-28,0.14784573481116586,57.3922867405583,1.0805407192643122,1.2282213725513065,Greed
2021-06-29,0.09092475023342671,54.546237511671336,-0.0884318881585082,-0.0687890162627053,Neutral
2021-06-30,0.167955974025974,58.3977987012987,1.4893926732091354,1.6864564044404347,Greed
2021-07-01,0.12306178133374561,56.15308906668728,0.5666126741074422,0.6634903621065449,Greed
2021-07-02,0.1377262831439394,56.88631415719697,0.8659771094052888,0.99763797630719,Greed
2021-07-06,0.19645807291666664,59.822903645833335,2.0590026605711937,2.3359096533339923,Extreme greed
2021-07-07,0.09097815104166668,54.548907552083335,-0.09994939694670121,-0.06757221715826021,Neutral
2021-07-08,0.13418250793650793,56.7091253968254,0.7839005858557074,0.9168889644312144,Greed
2021-07-09,0.046945370370370366,52.34726851851852,-1.0023693977346493,-1.0709099914907028,Fear
2021-07-12,0.14853991551459295,57.42699577572965,1.0778826798711008,1.2440390817975242,Greed
2021-07-13,0.1141479316979317,55.707396584896586,0.37224165616985766,0.4603780008615142,Neutral
2021-07-14,0.09306705061431622,54.653352530715814,-0.06035714280492788,-0.01997422729539295,Neutral
2021-07-15,0.09256680689102563,54.62834034455128,-0.07054622845128028,-0.0313728584128997,Neutral
2021-07-16,-0.0006880643738977051,49.965596781305116,-1.9768812271756036,-2.1562928283570106,Extreme fear
2021-07-19,0.17152138839654968,58.57606941982748,1.5465912843829035,1.767698489646248,Extreme greed
2021-07-20,0.028058409354872773,51.40292046774364,-1.3838550881956204,-1.5012712164756572,Fear
2021-07-21,0.13920654356060605,56.9603271780303,0.8858189806949481,1.0313674199000806,Greed
2021-07-22,0.06320109693877551,53.16005484693878,-0.6668138921066415,-0.7005044829888878,Fear
2021-07-23,0.1143910615079365,55.719553075396824,0.37990949898769255,0.46591799444640897,Neutral
2021-07-26,0.19138281362007167,59.56914068100359,1.9448474398897175,2.220264007313616,Extreme greed
2021-07-27,0.14437931684981684,57.218965842490846,0.9831470483323737,1.1492350348905296,Greed
2021-07-28,0.05028728313353313,52.51436415667665,-0.9349321272702894,-0.9947606485992028,Fear
2021-07-29,0.09107656887755101,54.55382844387755,-0.10221390695403558,-0.06532965307519935,Neutral
2021-07-30,0.11484193922305765,55.74209696115289,0.38293872227511977,0.47619176404008784,Neutral
2021-08-02,0.08835835108225108,54.41791755411255,-0.15869806676106687,-0.12726738563054957,Neutral
2021-08-03,0.08819812660333493,54.40990633016675,-0.16177278620376073,-0.1309182854742189,Neutral
2021-08-04,0.18936196003401365,59.46809800170069,1.9019977713800444,2.174216523862068,Extreme greed
2021-08-05,0.04708009803921568,52.354004901960785,-1.0040125608074688,-1.0678400659184486,Fear
2021-08-06,0.09753009103641455,54.87650455182072,0.02723934321054493,0.08172130443337525,Neutral
2021-08-09,0.029292888888888882,51.46464444444444,-1.36452216084399,-1.4731421742204196,Fear
2021-08-10,0.07890172077922078,53.945086038961044,-0.3497787292963623,-0.34274763139917575,Neutral
2021-08-11,0.09851149769585253,54.925574884792624,0.05151818974296872,0.10408378889117528,Neutral
2021-08-12,0.06988729629629628,53.49436481481481,-0.534222100217865,-0.5481517067198471,Fear
2021-08-13,0.19369483543417368,59.68474177170868,1.9928810573512263,2.2729460951991345,Extreme greed
2021-08-16,0.10054809680451128,55.02740484022557,0.08929675432360208,0.15049005226443835,Neutral
2021-08-17,0.03316138427464009,51.658069213732006,-1.2852635011950078,-1.3849940379641676,Fear
2021-08-18,0.05018098364598365,52.50904918229919,-0.9351809834697868,-0.9971828052203464,Fear
2021-08-19,0.08751173941798941,54.37558697089947,-0.17167435984554003,-0.14655841040786574,Neutral
2021-08-20,0.006534706959706959,50.32673534798535,-1.8197626062371488,-1.9917136397641113,Extreme fear
2021-08-23,0.048934938271604944,52.44674691358024,-0.9520441547233661,-1.0255753885091308,Fear
2021-08-24,0.09298667443667445,54.64933372183373,-0.05264941144969,-0.021805691353645826,Neutral
2021-08-25,0.09983319649698962,54.99165982484948,0.08718778012294268,0.13420022290360145,Neutral
2021-08-26,0.07074796296296297,53.53739814814815,-0.5072603154559131,-0.5285404224763671,Fear
2021-08-27,0.07771036111111113,53.88551805555556,-0.36415784212605556,-0.3698941376976039,Neutral
2021-08-30,0.18755696464646462,59.377848232323224,1.8779051671575413,2.1330876188232684,Extreme greed
2021-08-31,0.15382214285714285,57.69110714285715,1.1849022916669325,1.3644007338347954,Greed
2021-09-01,0.05552292410714286,52.77614620535714,-0.8218781194831402,-0.8754605207948772,Fear
2021-09-02,0.13776656966490303,56.888328483245154,0.8573792065382474,0.9985559512263988,Greed
2021-09-03,0.1872433667200855,59.362168336004274,1.859096677864436,2.1259419278019087,Extreme greed
2021-09-07,0.060298640873015875,53.014932043650795,-0.7274892581734297,-0.7666402973689986,Fear
2021-09-08,0.1191416724738676,55.95708362369338,0.47207475617666395,0.5741661532183512,Neutral
2021-09-09,0.04443113665613666,52.22155683280684,-1.050618439846647,-1.1281997111162254,Fear
2021-09-10,0.06937778231292517,53.468889115646256,-0.5405505422932064,-0.5597615714223054,Fear
2021-09-13,0.06430775252525253,53.215387626262626,-0.6430703035209756,-0.6752880570407496,Fear
2021-09-14,0.09681385599189171,54.84069279959458,0.021477106774454094,0.06540106154807958,Neutral
2021-09-15,0.07397324074074073,53.69866203703704,-0.44541406100086894,-0.45504874246377747,Neutral
2021-09-16,0.13597043537414966,56.798521768707474,0.823154062656648,0.9576289565144421,Greed
2021-09-17,0.05889466666666666,52.94473333333334,-0.7551589463564532,-0.7986314715338577,Fear
2021-09-20,0.06773670995670995,53.38683549783549,-0.5729688395593542,-0.5971553008280179,Fear
2021-09-21,0.051148536792664706,52.55742683963324,-0.9114537332882264,-0.9751359890543143,Fear
2021-09-22,0.039362862103174606,51.968143105158724,-1.1502745364741138,-1.2436862016841457,Fear
2021-09-23,0.04375147793263647,52.187573896631825,-1.057650940573766,-1.1436865202739979,Fear
2021-09-24,0.09692861111111112,54.84643055555556,0.03322947358851291,0.06801588950479055,Neutral
2021-09-27,0.01161009325396825,50.58050466269841,-1.7113358724492789,-1.8760650999552007,Extreme fear
2021-09-28,0.13038868575207863,56.51943428760393,0.7215074309847765,0.8304423433296815,Greed
2021-09-29,0.033964169884169886,51.6982084942085,-1.251902957629879,-1.3667016404718397,Fear
2021-09-30,0.06565266156462586,53.28263307823129,-0.601657942931499,-0.6446427509376068,Fear
2021-10-01,0.04806684668989547,52.40334233449477,-0.9601682881695308,-1.0453558580191287,Fear
2021-10-04,0.12907852672869916,56.453926336434954,0.6999744375898415,0.800588856484231,Greed
2021-10-05,0.08658766246498599,54.3293831232493,-0.17169746401529373,-0.1676145712771861,Neutral
2021-10-06,0.18341697554697553,59.17084877734877,1.8085725248673625,2.038753184669542,Extreme greed
2021-10-07,0.0964372401433692,54.82186200716846,0.026446087473779124,0.05681943437228283,Neutral
2021-10-08,0.06178959595959596,53.0894797979798,-0.6831130254304347,-0.7326671633676287,Fear
2021-10-11,0.13645977086533537,56.822988543266774,0.8477836776939992,0.9687790309622385,Greed
2021-10-12,0.1363816774134956,56.81908387067478,0.8445650232041724,0.9669995814483898,Greed
2021-10-13,0.11556318452380951,55.77815922619047,0.41647383569372853,0.49262617140140963,Neutral
2021-10-14,0.12375631172839507,56.18781558641975,0.5840212997393621,0.6793160394712288,Greed
2021-10-15,0.13064223958333335,56.532111979166665,0.7244469507774298,0.8362198602806019,Greed
2021-10-18,0.14435480759980762,57.21774037999038,1.0044409690098144,1.1486765633159441,Greed
2021-10-19,0.08698575276575277,54.349287638287635,-0.176100168030963,-0.15854362389968046,Neutral
2021-10-20,0.1410949851190476,57.05474925595237,0.9368031802871428,1.0743977423398063,Greed
2021-10-21,0.09979805555555556,54.98990277777778,0.0857322771920203,0.1333994959581578,Neutral
2021-10-22,0.054150044642857144,52.70750223214286,-0.8543104184977676,-0.9067431653411271,Fear
2021-10-25,0.07454594537815128,53.727297268907556,-0.4328819574717185,-0.4419990057110919,Neutral
2021-10-26,0.09716940586419752,54.85847029320987,0.03432870531719667,0.07350267612033531,Neutral
2021-10-27,0.15799856462585035,57.89992823129252,1.2882783443314467,1.4595653284437398,Greed
2021-10-28,0.06848545238095238,53.42427261904762,-0.5603379362072418,-0.5800943397432338,Fear
2021-10-29,0.06716634204684205,53.3583171023421,-0.5867575886753275,-0.6101517925442567,Fear
2021-11-01,0.10635511423761423,55.317755711880714,0.22384228118531282,0.28280965275328895,Neutral
2021-11-02,0.147179375,57.358968749999995,1.0669380824853987,1.2130375944739944,Greed
2021-11-03,0.04416702839202839,52.20835141960142,-1.0639088476706877,-1.134217723012214,Fear
2021-11-04,0.15086252688172042,57.543126344086026,1.1425026003055407,1.2969624648818008,Greed
2021-11-05,0.11782751804751113,55.891375902375565,0.4581094700304182,0.5442216265005788,Neutral
2021-11-08,0.18502351851851853,59.25117592592593,1.8414852880638088,2.0753601221570994,Extreme greed
2021-11-09,0.060083352095059404,53.00416760475297,-0.7389859748850751,-0.7715459008766689,Fear
2021-11-10,0.13913050245098038,56.95652512254902,0.8934765174344422,1.0296347353744526,Greed
2021-11-11,0.05266730341880341,52.63336517094017,-0.8926895860299663,-0.9405291369961665,Fear
2021-11-12,0.05657939937839938,52.82896996891997,-0.8103532115182643,-0.8513875112974146,Fear
2021-11-15,0.09576160714285713,54.78808035714285,0.0003191067166214364,0.04142435596331584,Neutral
2021-11-16,0.11224836861891568,55.61241843094579,0.34138696159022724,0.41709426172790187,Neutral
2021-11-17,0.12547162418110175,56.27358120905509,0.6146276046378452,0.7184014152377738,Greed
2021-11-18,0.044076460047176774,52.20382300235884,-1.0714685978755545,-1.136281427374352,Fear
2021-11-19,0.12765425789089582,56.382712894544795,0.661059594345775,0.7681352456973014,Greed
2021-11-22,0.17410949122807015,58.705474561403506,1.6190053441398964,1.8266714024428716,Extreme greed
2021-11-23,0.15506226475279106,57.75311323763955,1.221190931383615,1.3926583438178866,Greed
2021-11-24,0.10430698924731183,55.215349462365594,0.16999424938978572,0.2361407588520634,Neutral
2021-11-26,0.06245574074074074,53.122787037037035,-0.6964432321029409,-0.717488284997755,Fear
2021-11-29,-0.0197715,49.011424999999996,-2.3850589697827522,-2.5911309543123737,Extreme fear
2021-11-30,0.023403855218855227,51.170192760942754,-1.4890249747338018,-1.607330609413024,Fear
2021-12-01,0.027597953908836258,51.37989769544181,-1.3982864729465405,-1.5117632257324505,Fear
2021-12-02,-0.026978981481481482,48.65105092592593,-2.5030943756420228,-2.755361745961782,Extreme fear
2021-12-03,0.09776248976248977,54.88812448812449,0.05134196068912331,0.08701677787437274,Neutral
2021-12-06,0.043642531746031735,52.18212658730159,-1.055782357320004,-1.1461689849905912,Fear
2021-12-07,0.06846943732437154,53.42347186621858,-0.5461809504742234,-0.5804592613080471,Fear
2021-12-08,0.10785454744148372,55.39272737207419,0.26138766069325503,0.3169759704510335,Neutral
2021-12-09,0.09493876050420169,54.74693802521009,-0.003785997140871472,0.022674844747835394,Neutral
2021-12-10,0.07938733585858587,53.96936679292929,-0.3230401765569865,-0.33168233083254717,Neutral
2021-12-13,0.09222958333333334,54.61147916666667,-0.05880102875150678,-0.039056886736098535,Neutral
2021-12-14,0.07557205303030302,53.77860265151515,-0.40134035008386576,-0.4186179574956498,Neutral
2021-12-15,0.11245394736842106,55.62269736842105,0.35837098302379167,0.4217786110202716,Neutral
2021-12-16,0.16119999356499357,58.059999678249675,1.359962443264811,1.532513585117822,Greed
2021-12-17,0.06043092708333333,53.021546354166674,-0.7157921963193649,-0.7636260032496761,Fear
2021-12-20,0.01850456349206349,50.92522817460318,-1.574771826308958,-1.7189666310774185,Extreme fear
2021-12-21,0.015779930078719667,50.78899650393598,-1.624892731408713,-1.7810505509012333,Extreme fear
2021-12-22,0.10332024632660082,55.16601231633004,0.1743173684321355,0.21365668151669906,Neutral
2021-12-23,0.10797270114942527,55.39863505747127,0.26975240279057167,0.3196682391778291,Neutral
2021-12-27,0.0965668924148607,54.82834462074303,0.03482447442879305,0.059773711152720316,Neutral
2021-12-28,0.12920641414141412,56.46032070707071,0.7066237688570517,0.8035029189186826,Greed
2021-12-29,0.1472062073863636,57.36031036931818,1.075556977838078,1.2136490013941048,Greed
2021-12-30,0.13777557471264368,56.88877873563219,0.8795292067519471,0.998761141641815,Greed
2021-12-31,0.11855875804375804,55.92793790218791,0.4825658659083903,0.5608837745446481,Neutral
2022-01-03,0.11236294162826421,55.61814708141321,0.35427699419418546,0.41970494010082676,Neutral
2022-01-04,0.14440822585309426,57.22041129265472,1.014297590776043,1.1498937599259313,Greed
2022-01-05,0.11526988970588234,55.76349448529412,0.4118431393137198,0.4859431101603114,Neutral
2022-01-06,0.10978968360071302,55.48948418003565,0.29821363425393954,0.36107028331138324,Neutral
2022-01-07,0.07188226190476191,53.59411309523809,-0.48568749765878716,-0.5026941107435718,Neutral
2022-01-10,0.09325628571428572,54.66281428571429,-0.0429799438971517,-0.015662286937904547,Neutral
2022-01-11,0.1767654645760743,58.838273228803715,1.6818967336317794,1.8871908233617039,Extreme greed
2022-01-12,0.12994319444444447,56.49715972222222,0.7119364904583038,0.8202913092529837,Greed
2022-01-13,0.0998745,54.993725000000005,0.08932518694256673,0.1351413709335677,Neutral
2022-01-14,0.15078554365079364,57.539277182539685,1.141813638092667,1.2952083130339846,Greed
2022-01-18,0.1288258890778534,56.44129445389267,0.6858913995218201,0.7948322157623022,Greed
2022-01-19,0.13948118466256226,56.974059233128116,0.905156732779221,1.0376254346739864,Greed
2022-01-20,0.15041937702630245,57.520968851315125,1.1294322239035404,1.2868647834986964,Greed
2022-01-21,0.14321688664422,57.160844332211,0.9783043535117969,1.1227477198148157,Greed
2022-01-24,0.12427450190406741,56.21372509520337,0.5849349265368051,0.6911236012380242,Greed
2022-01-25,0.08141646850194723,54.07082342509736,-0.3036172988095074,-0.2854461994963629,Neutral
2022-01-26,0.11590923307009147,55.795461653504574,0.411922090974562,0.5005112872842687,Neutral
2022-01-27,0.10473381146290682,55.23669057314534,0.17958038600464551,0.2458663961000824,Neutral
2022-01-28,0.17791083850026781,58.8955419250134,1.6949085009142302,1.913289491362201,Extreme greed
2022-01-31,0.09115632986199847,54.55781649309992,-0.10570171863772755,-0.06351220690455088,Neutral
2022-02-01,0.09019612841945289,54.50980642097264,-0.1255297265200497,-0.08539150599915897,Neutral
2022-02-02,0.06096717584786848,53.04835879239342,-0.7322919918902562,-0.751406955674337,Fear
2022-02-03,0.11205010165205524,55.60250508260276,0.3301254759819941,0.41257651984967514,Neutral
2022-02-04,0.132267088409007,56.61335442045035,0.7499800727595171,0.8732439178014765,Greed
2022-02-07,0.09858687969924813,54.92934398496241,0.04834480898489158,0.1058014549199537,Neutral
2022-02-08,0.12373587318366387,56.186793659183195,0.572000570602003,0.6788503236188907,Greed
2022-02-09,0.11070586872122586,55.535293436061295,0.2998376589789872,0.3819466196607494,Neutral
2022-02-10,0.11651734655588314,55.82586732779416,0.42072667944723224,0.5143678555516794,Neutral
2022-02-11,0.0975913504715896,54.879567523579475,0.025189502362961694,0.08311717143083347,Neutral
2022-02-14,0.08219332482993197,54.1096662414966,-0.29659744127521553,-0.26774463063758724,Neutral
2022-02-15,0.09045869685253018,54.52293484262651,-0.12344166876703985,-0.07940858093202466,Neutral
2022-02-16,0.1193523567557104,55.967617837785525,0.4814637798653422,0.5789668379629535,Neutral
2022-02-17,0.10480481505422681,55.240240752711344,0.1762369369218971,0.24748429495177054,Neutral
2022-02-18,0.07411483545111482,53.70574177255574,-0.46737650699533806,-0.45182234341747496,Neutral
2022-02-22,0.055401231060606064,52.7700615530303,-0.8590504520372546,-0.878233437440216,Fear
2022-02-23,0.06071794435215947,53.035897217607975,-0.7462759080343859,-0.7570859832166783,Fear
2022-02-24,0.0510992764857881,52.5549638242894,-0.9467770391977943,-0.9762584420520835,Fear
2022-02-25,0.04921267021720968,52.46063351086049,-0.9846422572645813,-1.0192469452921449,Fear
2022-02-28,0.06768625457875457,53.38431272893773,-0.5955819359842621,-0.5983049849008596,Fear
2022-03-01,0.042380148053513436,52.11900740267568,-1.1254886275710883,-1.1749338557322309,Fear
2022-03-02,0.07218357215713701,53.609178607856855,-0.4982284229268972,-0.49582840856912846,Neutral
2022-03-03,0.13125893628747795,56.562946814373895,0.7437763434239939,0.8502720070935318,Greed
2022-03-04,0.04317717265640343,52.15885863282017,-1.108135968005026,-1.1567727294313206,Fear
2022-03-07,0.1212192261904762,56.060961309523805,0.5337231862517708,0.6215056146445722,Greed
2022-03-08,0.0974309126984127,54.871545634920636,0.03271426710093623,0.07946141143103486,Neutral
2022-03-09,0.06536313397129187,53.268156698564596,-0.642420222306913,-0.651239971614448,Fear
2022-03-10,0.07140276360544218,53.57013818027211,-0.5144527371339582,-0.513620033410754,Fear
2022-03-11,0.05251990424430643,52.62599521221533,-0.9114521923737995,-0.9438877974628344,Fear
2022-03-14,0.07804514933166248,53.90225746658312,-0.3722922280603841,-0.36226560134446756,Neutral
2022-03-15,0.12274868770764123,56.13743438538206,0.5713457199127827,0.6563561621495099,Greed
2022-03-16,0.1026634374230106,55.13317187115053,0.1466704312728533,0.19869053190172606,Neutral
2022-03-17,0.07078747959183673,53.53937397959183,-0.5270792788142145,-0.5276399904378108,Fear
2022-03-18,0.07744945834394364,53.87247291719718,-0.38565253170050834,-0.375839108642801,Neutral
2022-03-21,0.07393766907888859,53.69688345394443,-0.45955358140966784,-0.45585928387151853,Neutral
2022-03-22,0.1297592609126984,56.48796304563493,0.7229092124768275,0.8161001712518509,Greed
2022-03-23,0.08037439939939942,54.01871996996997,-0.3242033221508907,-0.30919094779776685,Neutral
2022-03-24,0.10092767228739004,55.046383614369496,0.1119707291120875,0.15913911812801507,Neutral
2022-03-25,0.07935702815202814,53.96785140760141,-0.3459588712933778,-0.33237292693797416,Neutral
2022-03-28,0.10233041666666666,55.11652083333334,0.14237039944726054,0.19110226926233476,Neutral
2022-03-29,0.056614070512820525,52.830703525641034,-0.8292521873607219,-0.8505974894474773,Fear
2022-03-30,0.14163879744286723,57.08193987214336,0.9789125510957123,1.0867891343508835,Greed
2022-03-31,0.11547126763668432,55.773563381834215,0.4214448876462142,0.4905317389457338,Neutral
2022-04-01,0.10691091177556293,55.345545588778144,0.23886530349166632,0.2954741417136309,Neutral
2022-04-04,0.1380082477046763,56.900412385233814,0.9004332689116513,1.00406286454948,Greed
2022-04-05,0.054722328718732886,52.736116435936644,-0.8741841730928863,-0.893703011568841,Fear
2022-04-06,0.04464475316350316,52.232237658175166,-1.0870378948703125,-1.1233322122257567,Fear
2022-04-07,0.14049907979407983,57.024953989703995,0.955431836635904,1.0608193511196589,Greed
2022-04-08,0.09197177976190477,54.598588988095244,-0.07940948131255737,-0.04493123892618491,Neutral
2022-04-11,0.1330255406162465,56.65127703081232,0.7957455337433516,0.8905261275085984,Greed
2022-04-12,0.13240008864991218,56.620004432495605,0.7812951057808625,0.8762744819325854,Greed
2022-04-13,0.15881662277537278,57.940831138768644,1.3422472957756035,1.4782057284026604,Greed
2022-04-14,0.12642283625730993,56.32114181286549,0.6500322006451679,0.7400758812358496,Greed
2022-04-18,0.10609329404761905,55.304664702380954,0.2157057268953153,0.27684377726915604,Neutral
2022-04-19,0.14374371924823143,57.18718596241157,1.0185872920774948,1.1347522092950617,Greed
2022-04-20,0.06429350931677019,53.21467546583851,-0.6785383254097849,-0.6756126049997954,Fear
2022-04-21,0.11297666666666668,55.648833333333336,0.3620327577565102,0.43368937407694913,Neutral
2022-04-22,0.12988021834099137,56.494010917049565,0.7227819904210775,0.8188563259857109,Greed
2022-04-25,0.08609870670995669,54.30493533549784,-0.21423130132743162,-0.17875599299797895,Neutral
2022-04-26,0.13624696189862148,56.812348094931075,0.8588640262306134,0.9639299328184097,Greed
2022-04-27,0.11048862722462724,55.524431361231365,0.3066073291104011,0.37699652120303423,Neutral
2022-04-28,0.12302046674225248,56.151023337112626,0.5747051866289292,0.6625489614126949,Greed
2022-04-29,0.18575971135871708,59.287985567935856,1.9132973721174313,2.0921351264721415,Extreme greed
2022-05-02,0.07747351803751804,53.873675901875906,-0.4045740600902924,-0.3752908807309095,Neutral
2022-05-03,0.0415746522128665,52.07873261064333,-1.1713056321776094,-1.1932880089714248,Fear
2022-05-04,0.10821099957099958,55.41054997854998,0.255626484519573,0.3250981439961071,Neutral
2022-05-05,0.08056299100594294,54.028149550297144,-0.3366692290519546,-0.3048936701813564,Neutral
2022-05-06,0.1607049630860096,58.035248154300476,1.3790078681128777,1.52123374379419,Greed
2022-05-09,0.05219061507936508,52.60953075396826,-0.9453610058224113,-0.9513910314813822,Fear
2022-05-10,0.039141443630894855,51.95707218154474,-1.2225040243110978,-1.2487314773580036,Fear
2022-05-11,0.09494215194197338,54.74710759709866,-0.026852843699827635,0.022752122575250913,Neutral
2022-05-12,0.058146451465201456,52.907322573260075,-0.8147902947950328,-0.8156804192386128,Fear
2022-05-13,0.030765701113778847,51.53828505568894,-1.3986530839407714,-1.43958244628132,Fear
2022-05-16,0.053615639097744354,52.68078195488721,-0.9075110691546354,-0.918920213032646,Fear
2022-05-17,0.05495333814102564,52.74766690705128,-0.8775360389176607,-0.888439195019455,Fear
2022-05-18,0.08658084251587192,54.32904212579359,-0.19924430356231992,-0.1677699716961684,Neutral
2022-05-19,0.03392634559906393,51.6963172799532,-1.326050129397512,-1.367563510502654,Fear
2022-05-20,0.07643222095472096,53.82161104773605,-0.41413529213759004,-0.3990180376704576,Neutral
2022-05-23,0.08795800486378125,54.39790024318907,-0.16665959017192158,-0.13638973669895502,Neutral
2022-05-24,0.14229373189616554,57.114686594808276,0.9986272986817254,1.1017125724505892,Greed
2022-05-25,0.17533329415954416,58.76666470797721,1.7026846924595407,1.8545571659755669,Extreme greed
2022-05-26,0.05864824332611833,52.93241216630592,-0.7982663596556966,-0.8042465120168788,Fear
2022-05-27,0.06661244608614558,53.330622304307276,-0.6267222580650073,-0.6227729518702037,Fear
2022-05-31,0.10262738492063492,55.131369246031745,0.14602751011927181,0.1978690339871888,Neutral
2022-06-01,0.13784275683618707,56.89213784180935,0.9010082766939709,1.0002919639356427,Greed
2022-06-02,0.11120263329263332,55.56013166463166,0.32846951519397066,0.3932659742834738,Neutral
2022-06-03,0.0015648752834467104,50.078243764172335,-2.0198622477732155,-2.1049569956650105,Extreme fear
2022-06-06,0.06407347744360901,53.203673872180445,-0.6787664414985214,-0.680626285410939,Fear
2022-06-07,0.08609006061398919,54.30450303069946,-0.20631181050234138,-0.1789530042825844,Neutral
2022-06-08,0.07797332482993198,53.8986662414966,-0.3802063830300814,-0.36390220558817293,Neutral
2022-06-09,0.07790958216619981,53.895479108309985,-0.3812207155460157,-0.36535465581693766,Neutral
2022-06-10,0.09568278164924507,54.78413908246226,0.0008637769989500313,0.03962822603203671,Neutral
2022-06-13,0.04920681637806638,52.46034081890332,-0.9974653835976477,-1.0193803317793915,Fear
2022-06-14,0.101047519320186,55.0523759660093,0.11781084834802585,0.16186997121775326,Neutral
2022-06-15,0.11563252976190475,55.781626488095235,0.43145055967642204,0.49420628275913914,Neutral
2022-06-16,0.07988336363636363,53.99416818181818,-0.3385250278751893,-0.3203797649038173,Neutral
2022-06-17,0.08028494885361552,54.01424744268078,-0.32957176925742454,-0.3112291818168632,Neutral
2022-06-21,0.07637099999999998,53.81855,-0.4136364238677964,-0.40041302784631666,Neutral
2022-06-22,0.053610341865157195,52.68051709325786,-0.9037675206840102,-0.9190409165965109,Fear
2022-06-23,0.1151568811811495,55.75784405905747,0.4249471202598503,0.48336808037664636,Neutral
2022-06-24,0.044506428571428565,52.22532142857143,-1.099826161605534,-1.1264840978489652,Fear
2022-06-27,0.061546412037037035,53.07732060185185,-0.7307661059986856,-0.7382083899695807,Fear
2022-06-28,0.14329987076648842,57.164993538324424,1.0345334570799294,1.124638608904091,Greed
2022-06-29,0.11307464481141294,55.65373224057064,0.38093841256595123,0.4359219192894946,Neutral
2022-06-30,0.0795447159535621,53.977235797678105,-0.34392146625657777,-0.32809624356278205,Neutral
2022-07-01,0.09144405506417702,54.572202753208856,-0.08631970137388079,-0.05695605579230645,Neutral
2022-07-05,0.12622745306776556,56.31137265338828,0.6663152828848476,0.7356238495551201,Greed
2022-07-06,0.09655471693319907,54.827735846659955,0.023310409492864986,0.059496278737926955,Neutral
2022-07-07,0.03298719967532468,51.64935998376623,-1.3522106016396214,-1.3889630352778919,Fear
2022-07-08,0.02632440669763841,51.316220334881926,-1.4927900575567865,-1.5407824701433168,Fear
2022-07-11,0.13206144736842107,56.60307236842106,0.7955008052902951,0.8685581491348782,Greed
2022-07-12,0.08307853041885652,54.15392652094283,-0.26511317983611904,-0.24757419870306024,Neutral
2022-07-13,0.07519521673501937,53.75976083675097,-0.4355625984715412,-0.42720460780556296,Neutral
2022-07-14,0.08583256148613294,54.29162807430665,-0.2047036471980988,-0.18482041937418084,Neutral
2022-07-15,0.047362919438285286,52.36814597191426,-1.0379306638201884,-1.0613956536249287,Fear
2022-07-18,0.025939224837662346,51.296961241883125,-1.4990471166988515,-1.5495592837855563,Fear
2022-07-19,0.1577512297244479,57.887561486222396,1.3557138041633805,1.4539295169936197,Greed
2022-07-20,0.1093352867965368,55.46676433982684,0.30645316570892367,0.3507163272083289,Neutral
2022-07-21,0.09039927959721437,54.51996397986072,-0.10403062020720302,-0.08076247173330238,Neutral
2022-07-22,0.08996744940476191,54.498372470238095,-0.11331159595763224,-0.09060222151924445,Neutral
2022-07-25,0.15865737373737374,57.93286868686869,1.3752053416989765,1.474577055107113,Greed
2022-07-26,0.07793838322625088,53.89691916131254,-0.3760670241007358,-0.3646983903926443,Neutral
2022-07-27,0.08422790666407867,54.21139533320394,-0.23929775278583623,-0.22138433319444167,Neutral
2022-07-28,0.11441974413867026,55.720987206933515,0.4164043339473355,0.46657156132189864,Neutral
2022-07-29,0.12869690639387069,56.43484531969354,0.7259952145707079,0.7918931963067608,Greed
2022-08-01,0.15316422430372367,57.658211215186185,1.255715285719333,1.3494092995665974,Greed
2022-08-02,0.12188126077851687,56.094063038925846,0.5749589401362841,0.6365908375164718,Greed
2022-08-03,0.04574625313283207,52.2873126566416,-1.079458555745665,-1.0982332629701173,Fear
2022-08-04,0.1452672727583273,57.26336363791636,1.0834010629304494,1.1694681360339894,Greed
2022-08-05,0.07645631051587301,53.82281552579366,-0.41272523089018626,-0.39846912919130656,Neutral
2022-08-08,0.18930085714285713,59.465042857142855,2.034929272403862,2.172824223900908,Extreme greed
2022-08-09,0.0908779560011139,54.543897800055696,-0.1016795875096361,-0.06985527690272278,Neutral
2022-08-10,0.08016816171482838,54.00840808574142,-0.33407437906009785,-0.31389031168681203,Neutral
2022-08-11,0.15099652375402373,57.54982618770119,1.2035159482595545,1.3000157384106281,Greed
2022-08-12,0.060224570960228846,53.011228548011445,-0.7682956509384831,-0.7683280658975292,Fear
2022-08-15,0.09649080357142854,54.824540178571425,0.020105571461968785,0.05803993895716851,Neutral
2022-08-16,0.08696826771112486,54.348413385556235,-0.18692223927992063,-0.15894204106814178,Neutral
2022-08-17,0.08693793345543345,54.34689667277167,-0.18743617349127284,-0.15963324212624724,Neutral
2022-08-18,0.1331800087224906,56.65900043612453,0.8190534898882494,0.8940458617511712,Greed
2022-08-19,0.04892428571428572,52.44621428571429,-1.01561048832781,-1.0258181193334954,Fear
2022-08-22,0.02586763888888889,51.29338194444445,-1.5143156201212817,-1.551190452324561,Extreme fear
2022-08-23,0.13580076432022087,56.79003821601104,0.8779314560079785,0.9537628055464115,Greed
2022-08-24,0.06652150396825397,53.3260751984127,-0.6299852724942153,-0.6248451730828374,Fear
2022-08-25,0.09686249233026542,54.84312461651327,0.030975040756216786,0.06650929670270249,Neutral
2022-08-26,0.09899534493284493,54.949767246642246,0.07741624266474505,0.11510880712713119,Neutral
2022-08-29,0.04044416005291005,52.0222080026455,-1.197855155609159,-1.2190475787823432,Fear
2022-08-30,0.0655228269085412,53.276141345427064,-0.6501843535985238,-0.647601183561691,Fear
2022-08-31,0.06475632518796991,53.2378162593985,-0.6661930088599837,-0.6650668107288916,Fear
2022-09-01,0.052586924603174594,52.629346230158724,-0.930546845300963,-0.9423606611640063,Fear
2022-09-02,0.04206046133087382,52.103023066543685,-1.1583342553116105,-1.182218287010181,Fear
2022-09-06,0.032214401360544216,51.61072006802721,-1.3702989159715238,-1.406572137617982,Fear
2022-09-07,0.09711222481021393,54.85561124051069,0.045175923695559096,0.07219973974967656,Neutral
2022-09-08,0.035006588718820855,51.75032943594105,-1.3078067196146128,-1.3429489231204534,Fear
2022-09-09,0.13027949206349207,56.5139746031746,0.7697568285502856,0.8279542389945183,Greed
2022-09-12,0.057153902439024386,52.857695121951224,-0.8250044022656947,-0.8382967953942403,Fear
2022-09-13,0.11908727678571429,55.95436383928571,0.5263604346636357,0.5729266846257935,Greed
2022-09-14,0.0730652976190476,53.65326488095238,-0.4782941790153154,-0.4757372753488688,Neutral
2022-09-15,0.049492375,52.474618750000005,-0.9919557333967101,-1.012873548700866,Fear
2022-09-16,0.04330132916901938,52.16506645845097,-1.1253696299840314,-1.1539436798655667,Fear
2022-09-19,0.1627406281512605,58.13703140756302,1.4806221485437443,1.567618723909393,Greed
2022-09-20,0.04729312478526765,52.36465623926338,-1.0378388806210495,-1.0629860054208253,Fear
2022-09-21,0.030458888888888893,51.52294444444444,-1.4022397434979987,-1.4465735172553984,Fear
2022-09-22,0.06994115384615385,53.49705769230769,-0.54055542770686,-0.5469245002300146,Fear
2022-09-23,0.08952340062111801,54.4761700310559,-0.1131294593529956,-0.10072038602041847,Neutral
2022-09-26,0.020528360119047618,51.02641800595238,-1.6156365760969833,-1.6728520870385648,Extreme fear
2022-09-27,0.1262710766045549,56.31355383022775,0.6901894678294827,0.7366178622348416,Greed
2022-09-28,0.09123953703703705,54.56197685185186,-0.07418968895979589,-0.061616235300233815,Neutral
2022-09-29,-0.018236860569985563,49.08815697150072,-2.452292597013351,-2.5561624220816275,Extreme fear
2022-09-30,0.09636492519735165,54.818246259867585,0.041115159380672874,0.055171654788934626,Neutral
2022-10-03,0.1160924032956291,55.80462016478146,0.4702299714083577,0.5046850324716765,Neutral
2022-10-04,0.11192082554945056,55.59604127747253,0.3790387289280463,0.4096308145118734,Neutral
2022-10-05,0.11570479965770664,55.78523998288534,0.4611230200665026,0.495853035821285,Neutral
2022-10-06,0.09757829166666666,54.87891458333334,0.0657153271251193,0.0828196114751184,Neutral
2022-10-07,0.030227708587708586,51.51138542938543,-1.4013456089744551,-1.4518412274776358,Fear
2022-10-10,0.08065983975089239,54.03299198754462,-0.3011038488930068,-0.3026868596478604,Neutral
2022-10-11,0.09352079773929775,54.67603988696489,-0.020387958345828943,-0.00963507488330371,Neutral
2022-10-12,0.07620778911564627,53.810389455782314,-0.3982004168175264,-0.4041319763877854,Neutral
2022-10-13,0.053731670397503734,52.686583519875185,-0.8882733772373811,-0.9162763058280866,Fear
2022-10-14,0.03080197395197395,51.5400986975987,-1.386575517152396,-1.438755927760602,Fear
2022-10-17,0.10429467451111539,55.21473372555577,0.21859629544321763,0.23586015336182267,Neutral
2022-10-18,0.06893240665584416,53.44662033279221,-0.5538478361003688,-0.5699099702675495,Fear
2022-10-19,0.0760503050473063,53.80251525236531,-0.3978598572130162,-0.4077204328107554,Neutral
2022-10-20,0.050786397392290246,52.53931986961451,-0.949408001157736,-0.9833877536358492,Fear
2022-10-21,0.0978837037037037,54.89418518518519,0.08119328020152176,0.08977877755146639,Neutral
2022-10-24,0.09776448015873017,54.8882240079365,0.07852670252669847,0.08706213135201493,Neutral
2022-10-25,0.08363474120082816,54.181737060041414,-0.23094654532642725,-0.23490029350027325,Neutral
2022-10-26,0.09235029836442626,54.61751491822131,-0.03979481667052333,-0.03630625530245612,Neutral
2022-10-27,0.10773815867003367,55.38690793350168,0.2976559919949856,0.31432391784105085,Neutral
2022-10-28,0.04675490399121081,52.33774519956054,-1.0399260563132011,-1.0752499879669135,Fear
2022-10-31,0.049535066415066414,52.476753320753325,-0.9775398905006483,-1.011900775491389,Fear
2022-11-01,0.1680684364111498,58.40342182055749,1.6210760321083166,1.6890189898033894,Extreme greed
2022-11-02,0.19728931447938028,59.86446572396902,2.2523489027592762,2.354850452591974,Extreme greed
2022-11-03,0.13538265567765567,56.76913278388278,0.8973168608083075,0.9442357171258072,Greed
2022-11-04,0.08193491869918701,54.096745934959344,-0.27154205772544454,-0.2736327128377793,Neutral
2022-11-07,0.20328252645502648,60.16412632275132,2.373374778960618,2.4914127108248976,Extreme greed
2022-11-08,0.06455331813576495,53.227665906788246,-0.6525209755102114,-0.6696925609274477,Fear
2022-11-09,0.07614265786919634,53.80713289345982,-0.3992637047975518,-0.4056160670778622,Neutral
2022-11-10,0.08265284313725492,54.132642156862744,-0.25690691398504717,-0.2572739751689686,Neutral
2022-11-11,0.12157822180529497,56.07891109026475,0.5931281436486584,0.629685744440514,Greed
2022-11-14,0.1304653392857143,56.52326696428571,0.7865345391337559,0.8321889826438511,Greed
2022-11-15,0.12268590810641793,56.1342954053209,0.6158324855620739,0.6549256564125463,Greed
2022-11-16,0.11100604195011339,55.550302097505664,0.36003472865742975,0.38878641344153103,Neutral
2022-11-17,0.10320157894736842,55.16007894736842,0.18906114202309357,0.21095270819614667,Neutral
2022-11-18,0.08685395833333334,54.34269791666667,-0.16890528249065728,-0.1615467122914869,Neutral
2022-11-21,0.08159278273809524,54.07963913690477,-0.2840150404559874,-0.2814286759472463,Neutral
2022-11-22,0.13610385404568331,56.80519270228417,0.9104314948426978,0.9606690550707987,Greed
2022-11-23,0.0876707913165266,54.38353956582633,-0.15186656392847342,-0.1429342291626929,Neutral
2022-11-25,0.11931775297619049,55.96588764880952,0.5423112434322741,0.578178350872248,Greed
2022-11-28,0.17311769736842106,58.65588486842105,1.7191413590496727,1.804072233628951,Extreme greed
2022-11-29,0.08181121821805647,54.090560910902816,-0.28312568755363915,-0.27645137119932783,Neutral
2022-11-30,0.13314751948051945,56.65737597402597,0.8424749845314562,0.8933055568412336,Greed
2022-12-01,0.1268514285714286,56.34257142857143,0.703563841574399,0.7498418522235569,Greed
2022-12-02,0.10856848602484473,55.42842430124224,0.3019017220625354,0.3332438858158783,Neutral
2022-12-05,0.16657530917280916,58.328765458640454,1.5726290662359426,1.65499636081488,Extreme greed
2022-12-06,0.10884988826232246,55.44249441311613,0.3054153676977994,0.3396559608731147,Neutral
2022-12-07,0.06898850168350168,53.44942508417508,-0.5695112335579461,-0.5686317802613098,Fear
2022-12-08,0.11464899691358024,55.732449845679014,0.4333966234332022,0.47179535063138595,Neutral
2022-12-09,0.08793565527065529,54.39678276353277,-0.15376693016709986,-0.1368989979966163,Neutral
2022-12-12,0.10693413666279519,55.346706833139756,0.26398359183472814,0.2960033475986433,Neutral
2022-12-13,0.07733944961361737,53.866972480680865,-0.3871682006993857,-0.3783457846455424,Neutral
2022-12-14,0.1172175240183793,55.860876200918966,0.49073894364862314,0.5303222078807525,Neutral
2022-12-15,0.1724835185185185,58.624175925925925,1.7041162904147762,1.7896217359295266,Extreme greed
2022-12-16,0.11689000915750916,55.844500457875455,0.48021824811287667,0.5228594034301459,Neutral
2022-12-19,-0.004078666666666667,49.79606666666667,-2.1750473494608746,-2.233551618426812,Extreme fear
2022-12-20,0.09369114078428031,54.68455703921402,-0.02759916729598363,-0.005753611822822088,Neutral
2022-12-21,0.20421648944805199,60.2108244724026,2.3908309061274258,2.5126941365364917,Extreme greed
2022-12-22,0.08831199020277967,54.41559951013898,-0.1484564337073434,-0.1283237718254643,Neutral
2022-12-23,0.0775159652194211,53.87579826097105,-0.3848504944476637,-0.3743236726562005,Neutral
2022-12-27,0.10045404320987654,55.02270216049383,0.11824095265784444,0.1483469324598238,Neutral
2022-12-28,0.12947612822362822,56.473806411181414,0.7545028084264747,0.8096486658560604,Greed
2022-12-29,0.06510016594516595,53.2550082972583,-0.6583572061170224,-0.6572320018708013,Fear
2022-12-30,0.032575545112781955,51.6287772556391,-1.370143952608484,-1.3983430600294187,Fear
2023-01-03,0.12086946078431374,56.043473039215684,0.5676022934071943,0.6135358058156184,Greed
2023-01-04,0.12678148580177992,56.339074290088995,0.6967588057071971,0.7482481254191136,Greed
2023-01-05,0.08550888996138996,54.275444498069504,-0.20983394562952473,-0.19219564897129915,Neutral
2023-01-06,0.14731910206718346,57.36595510335918,1.1472083688111938,1.2162214371126994,Greed
2023-01-09,0.1169386449579832,55.84693224789916,0.47909740396724765,0.5239676263281017,Neutral
2023-01-10,0.15316347853535353,57.658173926767674,1.2734798443812023,1.349392306372769,Greed
2023-01-11,0.035254295112781955,51.762714755639095,-1.315901285956819,-1.3373046467832403,Fear
2023-01-12,0.04262392144892145,52.13119607244607,-1.1522292161972114,-1.1693791973104548,Fear
2023-01-13,0.10352688346537184,55.17634417326859,0.18540934595515338,0.2183651474311412,Neutral
2023-01-17,0.1085045378553071,55.42522689276536,0.2946061793250755,0.3317867528999393,Neutral
2023-01-18,0.15424443577391753,57.71222178869587,1.2982623757016893,1.3740231657769375,Greed
2023-01-19,0.10482771428571429,55.24138571428572,0.2118085442113076,0.24800608039444152,Neutral
2023-01-20,0.08222471835075493,54.11123591753775,-0.28517405239575644,-0.2670292929997909,Neutral
2023-01-23,0.06257400981497134,53.12870049074857,-0.7169707503796887,-0.7147933875167891,Fear
2023-01-24,0.13428205916938812,56.714102958469404,0.8608129841463158,0.9191573542741268,Greed
2023-01-25,0.11576654661230246,55.78832733061512,0.45274518765271327,0.49726001151192484,Neutral
2023-01-26,0.08632099038064839,54.31604951903242,-0.19585337377194237,-0.1736910027788273,Neutral
2023-01-27,0.09317405760905761,54.65870288045288,-0.0447468727618156,-0.017535949305565474,Neutral
2023-01-30,0.05535866797676009,52.76793339883801,-0.8779305482126394,-0.8792032864745841,Fear
2023-01-31,0.0762151901350682,53.81075950675341,-0.41746245913590985,-0.4039633356105861,Neutral
2023-02-01,0.029976383584902493,51.498819179245125,-1.4353252767507938,-1.457567957997607,Fear
2023-02-02,0.027344130552320323,51.36720652761602,-1.490295015240684,-1.517546884127802,Fear
2023-02-03,0.11645802759740259,55.822901379870125,0.47357813374658025,0.5130162045573444,Neutral
2023-02-06,0.10895790532879818,55.44789526643991,0.3079620953973233,0.342117254514244,Neutral
2023-02-07,0.09617860162180816,54.80893008109041,0.02596010758939007,0.05092605687889013,Neutral
2023-02-08,0.11527627076411959,55.76381353820597,0.4472920562122446,0.4860885099436524,Neutral
2023-02-09,0.10243263510101011,55.1216317550505,0.16345296445328517,0.19343143437174012,Neutral
2023-02-10,0.15361060829974624,57.68053041498731,1.292534710119685,1.3595806745794587,Greed
2023-02-13,0.11580893097643098,55.79044654882155,0.4569358920772716,0.4982257882110791,Neutral
2023-02-14,0.11281021574366662,55.64051078718333,0.3903581234966521,0.42989659751202586,Neutral
2023-02-15,0.05816710711768851,52.90835535588443,-0.8174034621618188,-0.8152097563352514,Fear
2023-02-16,0.06421991071428572,53.21099553571429,-0.682859779224968,-0.6772896341786234,Fear
2023-02-17,0.07212997787397787,53.6064988936989,-0.5073994421829464,-0.4970496162231087,Fear
2023-02-21,0.11614636585636588,55.807318292818294,0.4668161158972342,0.5059146317556958,Neutral
2023-02-22,0.07368365994311646,53.68418299715583,-0.4734588021008922,-0.46164717546183387,Neutral
2023-02-23,0.06727762195121952,53.36388109756097,-0.6149008566358036,-0.6076161513722979,Fear
2023-02-24,0.0545428635769718,52.72714317884859,-0.8962324979459119,-0.8977923321422779,Fear
2023-02-27,0.08954385416666667,54.477192708333334,-0.12002564795265834,-0.10025432835712446,Neutral
2023-02-28,0.09427463854382333,54.71373192719117,-0.015048056382431296,0.007542058685887208,Neutral
2023-03-01,0.15438338057999348,57.71916902899967,1.3172343754901235,1.3771891836926369,Greed
2023-03-02,0.04900435585086748,52.45021779254338,-1.0200271641012855,-1.023993628774334,Fear
2023-03-03,0.09666485754555522,54.83324287727777,0.03760263911162342,0.06200595982507198,Neutral
2023-03-06,0.004293480392156854,50.21467401960784,-2.0071819287311516,-2.04278257617417,Extreme fear
2023-03-07,0.06431098548365216,53.21554927418261,-0.6763963608989225,-0.6752143903488956,Fear
2023-03-08,0.13997497289972902,56.99874864498645,0.9998645686588223,1.048876970082771,Greed
2023-03-09,0.04364963995354241,52.18248199767712,-1.1340985121848912,-1.1460070162710483,Fear
2023-03-10,0.07890197871572872,53.94509893578644,-0.3524295120744905,-0.3427417540178741,Neutral
2023-03-13,0.009089010770975056,50.454450538548755,-1.895346761658491,-1.933510876688617,Extreme fear
2023-03-14,0.05489043847566575,52.74452192378328,-0.8802070864785946,-0.8898724365564747,Fear
2023-03-15,0.0753177380952381,53.765886904761906,-0.4275143094313519,-0.42441281707611306,Neutral
2023-03-16,0.05194673873657208,52.59733693682861,-0.9442383343487515,-0.9569480356782508,Fear
2023-03-17,0.04821479392135642,52.41073969606782,-1.0256279373374777,-1.041984709441418,Fear
2023-03-20,0.04829105263157894,52.41455263157895,-1.0226426888171598,-1.0402470666348158,Fear
2023-03-21,0.07484865432098767,53.74243271604938,-0.4338834815576749,-0.43510143275871993,Neutral
2023-03-22,0.06541391288298266,53.270695644149136,-0.6424754085814682,-0.6500829154516952,Fear
2023-03-23,0.12201390875310987,56.10069543765549,0.6121853438129372,0.6396133748527173,Greed
2023-03-24,0.037559566326530604,51.877978316326534,-1.2594145077770407,-1.2847763791250706,Fear
2023-03-27,0.043009617810760674,52.150480890538034,-1.136944934471007,-1.1605906601489089,Fear
2023-03-28,0.11465322619792132,55.73266130989607,0.4512613552377767,0.4718917197607759,Neutral
2023-03-29,0.1391665527065527,56.958327635327635,0.9938438893603814,1.03045618209298,Greed
2023-03-30,0.09364181524547804,54.6820907622739,-0.016058280414648057,-0.006877551205373687,Neutral
2023-03-31,0.16220428663003666,58.11021433150183,1.5028472124383594,1.5553975627657453,Extreme greed
2023-04-03,0.08320216478696742,54.16010823934837,-0.24927773693275979,-0.2447570468030426,Neutral
2023-04-04,0.048637645005058794,52.43188225025294,-1.0151080471826055,-1.0323495590210277,Fear
2023-04-05,0.1478355695756264,57.39177847878132,1.1846081387134901,1.2279897459166413,Greed
2023-04-06,0.05901466676431339,52.95073333821567,-0.7852929517935736,-0.7958971306846793,Fear
2023-04-10,0.10157312440645773,55.078656220322884,0.15907506010173708,0.1738464902882692,Neutral
2023-04-11,0.11320965884653528,55.66048294232676,0.41717169450130975,0.4389983700481818,Neutral
2023-04-12,0.09350545052170052,54.67527252608503,-0.02057535633971759,-0.009984778965383589,Neutral
2023-04-13,0.09923877380952383,54.96193869047619,0.10681125728259111,0.12065561529167701,Neutral
2023-04-14,0.017578050003056424,50.878902500152826,-1.7055508013440586,-1.7400783112342721,Extreme fear
2023-04-17,0.0675606792929293,53.37803396464646,-0.5945718481685065,-0.601166362853156,Fear
2023-04-18,0.09322633519767556,54.66131675988378,-0.02410578553332297,-0.016344744057750826,Neutral
2023-04-19,0.10458193162629331,55.229096581314664,0.22829442929623064,0.24240563857101977,Neutral
2023-04-20,0.10547811035777949,55.27390551788898,0.24807813243567453,0.26282610623500346,Neutral
2023-04-21,0.051090722493555826,52.55453612467779,-0.961742677719578,-0.9764533546466808,Fear
2023-04-24,0.12978408210836784,56.48920410541839,0.7896726283197073,0.8166657508686577,Greed
2023-04-25,0.0983939684724259,54.9196984236213,0.09052791417293791,0.1014057497654598,Neutral
2023-04-26,0.08417702798974075,54.20885139948703,-0.2261442664930636,-0.22254366256436045,Neutral
2023-04-27,0.10681851063393677,55.34092553169684,0.27851299893751524,0.29336867495973756,Neutral
2023-04-28,0.09099012610229275,54.54950630511463,-0.07456254300026043,-0.06729935156828905,Neutral
2023-05-01,0.11919155968645843,55.95957798432292,0.5545336341644573,0.5753028909870188,Greed
2023-05-02,0.05478029694606887,52.739014847303444,-0.8829498347278552,-0.8923821385440034,Fear
2023-05-03,0.07978835008818343,53.989417504409175,-0.32418782798549467,-0.32254475835890084,Neutral
2023-05-04,0.047392841319832124,52.369642065991606,-1.0468129047767294,-1.0607138489880776,Fear
2023-05-05,0.06603366251803754,53.301683125901874,-0.6297539628551702,-0.6359612040812265,Fear
2023-05-08,0.041457067363530775,52.07285336817654,-1.177453988241834,-1.1959673155977424,Fear
2023-05-09,0.09071558568882099,54.53577928444104,-0.07656701845552745,-0.07355507203875905,Neutral
2023-05-10,0.03206456241956242,51.603228120978116,-1.3856864864825897,-1.4099863909824342,Fear
2023-05-11,0.08510336415616902,54.255168207808445,-0.20018890897443092,-0.20143602290730672,Neutral
2023-05-12,0.0984971536796537,54.92485768398269,0.09926252245992125,0.1037569439118569,Neutral
2023-05-15,0.07314462962962964,53.65723148148148,-0.4676639937249383,-0.4739296038432937,Neutral
2023-05-16,0.0675522656691135,53.37761328345567,-0.5923792861652484,-0.60135807699123,Fear
2023-05-17,0.04573388417138417,52.28669420856921,-1.079599814517334,-1.0985151040453511,Fear
2023-05-18,0.0623844331472621,53.119221657363106,-0.7061435294018743,-0.719113110889808,Fear
2023-05-19,0.08268917162698412,54.13445858134921,-0.2511953435971119,-0.2564461885637591,Neutral
2023-05-22,0.06627268775138262,53.31363438756913,-0.6185974346881434,-0.630514738017135,Fear
2023-05-23,0.09963006839751158,54.98150341987558,0.129156618471539,0.12957171450309846,Neutral
2023-05-24,0.0614426447876448,53.07213223938224,-0.726801537802122,-0.7405728466190705,Fear
2023-05-25,0.030003726287262875,51.50018631436314,-1.4296744415199716,-1.4569449229379947,Fear
2023-05-26,0.047437312384323284,52.371865619216166,-1.0374822542668354,-1.0597005244106024,Fear
2023-05-30,0.0609930056340037,53.04965028170019,-0.7328643032530551,-0.7508183941586345,Fear
2023-05-31,0.09197312585546356,54.59865629277317,-0.03798387594993739,-0.04490056662944423,Neutral
2023-06-01,0.10641336982401657,55.320668491200834,0.2859075988438854,0.2841370735864119,Neutral
2023-06-02,0.044490362540628506,52.22451812703143,-1.1031031511389418,-1.1268501809202454,Fear
2023-06-05,0.06372999742947112,53.18649987147356,-0.6705824105343957,-0.6884528743217161,Fear
2023-06-06,0.07323291203115068,53.66164560155753,-0.4568406404642264,-0.47191798734067003,Neutral
2023-06-07,0.09872709876543209,54.936354938271606,0.11591701999250342,0.10899650832423932,Neutral
2023-06-08,0.12623825292397658,56.31191264619883,0.7337621134675658,0.735869936754896,Greed
2023-06-09,0.06850394464121737,53.425197232060874,-0.5641218212516939,-0.579672972230806,Fear
2023-06-12,0.042757276816750504,52.137863840837525,-1.1418139530607756,-1.166340541202141,Fear
2023-06-13,0.03701959656084656,51.850979828042334,-1.2689566118841389,-1.2970802140100963,Fear
2023-06-14,0.09086417059001191,54.543208529500596,-0.058245229123921945,-0.07016939341961008,Neutral
2023-06-15,0.09281571289919477,54.640785644959735,-0.014331985471702805,-0.02570124748015924,Neutral
2023-06-16,0.06802562072613341,53.40128103630667,-0.5719345731969576,-0.59057213519653,Fear
2023-06-20,0.12390882744565215,56.19544137228261,0.685934821452631,0.6827912862753271,Greed
2023-06-21,0.061873695583165564,53.09368477915828,-0.7108613898503257,-0.730750856292578,Fear
2023-06-22,0.0605850695970696,53.02925347985348,-0.7392426737410567,-0.7601136880085259,Fear
2023-06-23,0.09199230238896905,54.59961511944845,-0.031357851451561385,-0.04446360716075769,Neutral
2023-06-26,0.06377286295005807,53.1886431475029,-0.6671902076542537,-0.6874761339168279,Fear
2023-06-27,0.09442061653954512,54.721030826977255,0.024159770488724936,0.010868335952415141,Neutral
2023-06-28,0.03749820987654321,51.874910493827166,-1.2587934557755052,-1.2861744567170994,Fear
2023-06-29,0.0844198573113235,54.220992865566174,-0.19994890862371145,-0.21701051595528367,Neutral
2023-06-30,0.08465040067098306,54.23252003354915,-0.1946293953738073,-0.2117573191813926,Neutral
2023-07-03,0.07596556117302578,53.79827805865129,-0.39055068252497604,-0.4096514198824896,Neutral
2023-07-05,0.11150176969025809,55.575088484512904,0.41226934564013323,0.4000821426661891,Neutral
2023-07-06,0.139442207493895,56.97211037469475,1.0427666253769685,1.0367372948594156,Greed
2023-07-07,0.05120273282876544,52.56013664143827,-0.9511972487080342,-0.9739010697644156,Fear
2023-07-10,0.06438749999999999,53.219375,-0.6525632498075162,-0.6734709187042209,Fear
2023-07-11,0.0953624682150904,54.76812341075452,0.04798191311419554,0.032329514408239925,Neutral
2023-07-12,0.04711814747752247,52.35590737387612,-1.0425645773816714,-1.0669730655118592,Fear
2023-07-13,0.07381910002572795,53.6909550012864,-0.4380546260692525,-0.45856101671893934,Neutral
2023-07-14,0.0862690093933844,54.31345046966922,-0.15610727038107178,-0.17487544962215423,Neutral
2023-07-17,0.08514093916255314,54.25704695812765,-0.181554710419117,-0.20057983298013796,Neutral
2023-07-18,0.05729762416563294,52.864881208281645,-0.8118414734367725,-0.8350219298259045,Fear
2023-07-19,0.1028510619870048,55.142553099350245,0.22065371342158085,0.20296577433652513,Neutral
2023-07-20,0.08985920594206676,54.49296029710333,-0.07396696950574365,-0.09306867385977388,Neutral
2023-07-21,0.09640624270931088,54.82031213546554,0.0745642861181951,0.05611312202897784,Neutral
2023-07-24,0.04269007380220425,52.134503690110215,-1.1436288972271318,-1.1678718395216037,Fear
2023-07-25,0.12003490395021645,56.00174519751082,0.6117768087923676,0.5945194642693554,Greed
2023-07-26,0.09923171679102515,54.961585839551255,0.1392605289297593,0.12049481297290601,Neutral
2023-07-27,0.10555779451372782,55.27788972568639,0.2828333872800311,0.26464180177954716,Neutral
2023-07-28,0.1488057993187423,57.44028996593712,1.2641998428879617,1.2500975514244528,Greed
2023-07-31,0.16396464930010465,58.198232465005226,1.6055028357633516,1.595509459776947,Extreme greed
2023-08-01,0.11821256117230733,55.910628058615366,0.5662255707091258,0.552995278901475,Greed
2023-08-02,0.13321221095897567,56.660610547948785,0.9060254024261106,0.8947796269095585,Greed
2023-08-03,0.06415410500367619,53.207705250183814,-0.662250302581577,-0.6787890933137207,Fear
2023-08-04,0.0866971388914474,54.33485694457237,-0.149892591772751,-0.16512002443292342,Neutral
2023-08-07,0.02753273255813954,51.37663662790698,-1.4924168371192479,-1.5132493695518785,Fear
2023-08-08,0.09402766504329003,54.701383252164504,0.01840748317756727,0.0019144821720626724,Neutral
2023-08-09,0.07961560365560365,53.98078018278019,-0.3090440074645847,-0.32648098538217946,Neutral
2023-08-10,0.13063025271512113,56.53151263575605,0.8504741946082103,0.8359467256411367,Greed
2023-08-11,0.047079511360099593,52.353975568004984,-1.0489595808753625,-1.0678534340798398,Fear
2023-08-14,0.05739285714285714,52.869642857142864,-0.8136165122550522,-0.832851936426563,Fear
2023-08-15,0.1218871287046287,56.09435643523144,0.6532050982034397,0.6367245449915683,Greed
2023-08-16,0.044534537703037703,52.22672688515188,-1.1058769023613155,-1.1258435988135382,Fear
2023-08-17,0.11482562973833868,55.74128148691694,0.49331284874421943,0.4758201335900235,Neutral
2023-08-18,0.07246018732252775,53.62300936612638,-0.4708294926951452,-0.48952541247943393,Neutral
2023-08-21,0.05164014411027568,52.58200720551378,-0.9440267095274998,-0.9639341484170091,Fear
2023-08-22,0.08247719341721499,54.12385967086075,-0.24153520975880213,-0.2612763569509065,Neutral
2023-08-23,0.04679637566137566,52.33981878306878,-1.0534145870436857,-1.0743050080540695,Fear
2023-08-24,0.07464225811225811,53.73211290561291,-0.4186339589852958,-0.43980440880384214,Neutral
2023-08-25,0.06476759883862783,53.23837994193139,-0.6432498556612404,-0.6648099275753139,Fear
2023-08-28,0.059156618541033434,52.957830927051674,-0.7705352376015369,-0.7926625954691984,Fear
2023-08-29,0.08892581698800764,54.446290849400384,-0.09147483736608915,-0.11433701943038303,Neutral
2023-08-30,0.09266816382691384,54.63340819134569,-0.006065729951186614,-0.029063323540999327,Neutral
2023-08-31,0.05076923018330139,52.53846150916507,-0.9617756086286324,-0.9837789283242465,Fear
2023-09-01,0.10243487125220457,55.12174356261023,0.21787426887868241,0.19348238765991269,Neutral
2023-09-05,0.07109816722037653,53.554908361018825,-0.4977260605453766,-0.5205606139146957,Neutral
2023-09-06,0.1090703250316603,55.45351625158301,0.3699336533543788,0.3446788673113725,Neutral
2023-09-07,0.09191109010916618,54.59555450545831,-0.022426649928243947,-0.04631412277261748,Neutral
2023-09-08,0.08213953439153439,54.106976719576714,-0.24584859205628565,-0.26897030791527654,Neutral
2023-09-11,0.06241646537641102,53.12082326882055,-0.6967619407026024,-0.718383219544969,Fear
2023-09-12,0.04372680484081639,52.18634024204082,-1.1233274712687609,-1.1442487251735127,Fear
2023-09-13,0.06494799886621315,53.24739994331066,-0.6370167660891412,-0.6606993045483873,Fear
2023-09-14,0.07427753097173828,53.71387654858692,-0.4230943155982664,-0.44811513803394815,Neutral
2023-09-15,0.0805884989505444,54.02942494752722,-0.2783429227193288,-0.3043124421967941,Neutral
2023-09-18,0.10311586917562725,55.15579345878137,0.23790306117507046,0.20899971203496537,Neutral
2023-09-19,0.07825470173148602,53.9127350865743,-0.3320647889464155,-0.35749070783922826,Neutral
2023-09-20,0.09550218057463371,54.775109028731684,0.06364260427083525,0.03551302191636972,Neutral
2023-09-21,0.08733508730158732,54.36675436507936,-0.12378329341256339,-0.15058363294889066,Neutral
2023-09-22,0.06620108889751554,53.310054444875774,-0.6087694204767637,-0.6321462006136053,Fear
2023-09-25,0.10581744778613199,55.2908723893066,0.3013175757651284,0.2705583015431409,Neutral
2023-09-26,0.06578511668556311,53.28925583427816,-0.6184931851055011,-0.6416246079946875,Fear
2023-09-27,0.12790959349593495,56.395479674796746,0.8093854813776054,0.773953362422205,Greed
2023-09-28,0.0935528365800866,54.67764182900433,0.019175371187735428,-0.008905032884610713,Neutral
2023-09-29,0.15286380796206378,57.643190398103194,1.3819057832258268,1.3425639661804516,Greed
2023-10-02,0.12211445085829874,56.10572254291494,0.6741226792343454,0.641904342865846,Greed
2023-10-03,0.12110720586704961,56.055360293352486,0.650458306685189,0.6189531021692497,Greed
2023-10-04,0.09753080450413783,54.876540225206895,0.10779920589782041,0.08173756161965293,Neutral
2023-10-05,0.09776283824295365,54.88814191214768,0.11308170985895692,0.08702471840430623,Neutral
2023-10-06,0.07332786467236466,53.66639323361824,-0.44958247452165345,-0.46975438172116696,Neutral
2023-10-09,0.12952693491924744,56.47634674596237,0.8449512240398378,0.8108063551077148,Greed
2023-10-10,0.0998276060404304,54.99138030202152,0.1602401697345111,0.13407283789279614,Neutral
2023-10-11,0.11659785743357172,55.82989287167859,0.5466506816824896,0.5162023889061063,Greed
2023-10-12,0.07441245452509183,53.7206227262546,-0.4263951067348603,-0.4450407490068873,Neutral
2023-10-13,0.13700177830687832,56.85008891534391,1.01721286336469,0.9811292966456319,Greed
2023-10-16,0.08875262633946637,54.437631316973324,-0.0964089469804115,-0.11828336842750196,Neutral
2023-10-17,0.12252731275378367,56.126365637689176,0.6830491307678985,0.6513118780931715,Greed
2023-10-18,0.11428185155919449,55.714092577959725,0.492257620246109,0.46342951960481976,Neutral
2023-10-19,0.030527644401976105,51.52638222009881,-1.440924371551726,-1.4450068434632264,Fear
2023-10-20,0.11785180118190987,55.89259005909549,0.57553933065151,0.5447749457697635,Greed
2023-10-23,0.04200432355461206,52.10021617773061,-1.175405615364874,-1.1834974510927465,Fear
2023-10-24,0.07446563517192685,53.72328175859634,-0.42529626570036205,-0.44382896653438714,Neutral
2023-10-25,0.1938744378387313,59.69372189193657,2.3263883695327525,2.2770385434639615,Extreme greed
2023-10-26,0.10769286241397144,55.38464312069857,0.3391620553429966,0.3132917903203669,Neutral
2023-10-27,0.11146702510758577,55.573351255379286,0.42595909915195973,0.39929044721300355,Neutral
2023-10-30,0.10712762888452544,55.35638144422628,0.32563308323843637,0.30041229139328884,Neutral
2023-10-31,0.08884605852803526,54.442302926401766,-0.09639188669582308,-0.11615440807795088,Neutral
2023-11-01,0.1533378448693106,57.666892243465526,1.3912072335428067,1.3533654447202415,Greed
2023-11-02,0.1505962096900684,57.52981048450342,1.326012258025635,1.2908941200199724,Greed
2023-11-03,0.12438814797342833,56.219407398671414,0.7205898727787369,0.6937131582125275,Greed
2023-11-06,0.11189182142857143,55.59459107142857,0.4318507566758728,0.4089699221120339,Neutral
2023-11-07,0.12254649617290923,56.12732480864546,0.677404966516766,0.6517489944586665,Greed
2023-11-08,0.11849594035594035,55.924797017797026,0.5834305295232951,0.5594524009606328,Greed
2023-11-09,0.022171531417300654,51.108576570865026,-1.6393878652499563,-1.6354105308138236,Extreme fear
2023-11-10,0.09349171622237411,54.6745858111187,0.007293398568517511,-0.010297730841423224,Neutral
2023-11-13,0.0630216334631552,53.15108167315776,-0.6960502220139575,-0.7045937655973837,Fear
2023-11-14,0.05606033575924881,52.80301678796244,-0.8561405971965167,-0.8632149754828636,Fear
2023-11-15,0.1771088982757948,58.85544491378973,1.93653377520518,1.895016356944978,Extreme greed
2023-11-16,0.06943694893694893,53.47184744684744,-0.547857465033173,-0.5584133915445489,Fear
2023-11-17,0.10105299649317093,55.05264982465855,0.18191473409639666,0.1619947749314558,Neutral
2023-11-20,0.136955173015873,56.84775865079366,1.0100964565303574,0.9800673412515769,Greed
2023-11-21,0.07288060291550692,53.644030145775346,-0.46951281990315713,-0.4799457575286518,Neutral
2023-11-22,0.11369813894856189,55.68490694742809,0.47331174600118003,0.4501289534658345,Neutral
2023-11-24,0.11679624900366652,55.839812450183324,0.5445646134236272,0.5207229700129657,Greed
2023-11-27,0.09794946525051175,54.89747326252559,0.10871077990961135,0.0912772303633283,Neutral
2023-11-28,0.08236995481376808,54.1184977406884,-0.2515827905812709,-0.26371991241265114,Neutral
2023-11-29,0.035242442042606514,51.76212210213033,-1.3404823576428428,-1.337574732679871,Fear
2023-11-30,0.07757208694083695,53.87860434704185,-0.3609171087408494,-0.3730448744018376,Neutral
2023-12-01,0.13559950036075039,56.77997501803752,0.9812481051182245,0.9491767737294371,Greed
2023-12-04,0.10240760714285715,55.120380357142864,0.21283906759126664,0.19286114343289343,Neutral
2023-12-05,0.15850151000163554,57.92507550008178,1.509370563656234,1.4710255198342892,Extreme greed
2023-12-06,0.07880790396522983,53.94039519826149,-0.3348133965755593,-0.3448853558832919,Neutral
2023-12-07,0.0822440960331658,54.112204801658294,-0.2551158124874886,-0.2665877501209291,Neutral
2023-12-08,0.0849794012987013,54.248970064935065,-0.19165336423007365,-0.20426065981679248,Neutral
2023-12-11,0.09149271374264924,54.574635687132464,-0.040681040795228385,-0.05584731159273717,Neutral
2023-12-12,0.09514722802824625,54.75736140141231,0.04403604216866784,0.027425018105195733,Neutral
2023-12-13,0.10575623010939678,55.28781150546984,0.28999866074134123,0.26916338605997375,Neutral
2023-12-14,0.14976805144521577,57.48840257226079,1.3097199537193958,1.2720235777213076,Greed
2023-12-15,0.06590087837837838,53.295043918918914,-0.6356800691707792,-0.6389868440958069,Fear
2023-12-18,0.059209645835645835,52.9604822917823,-0.7903295306538793,-0.7914543073042393,Fear
2023-12-19,0.09768780322356214,54.88439016117811,0.10280625459229524,0.0853149588069015,Neutral
2023-12-20,0.12660000000000002,56.330000000000005,0.7736547859398807,0.7441127617728797,Greed
2023-12-21,0.25633999999999996,62.817,3.7586373028924482,3.7003885376233687,Extreme greed
2023-12-22,0.22265,61.1325,2.9665883545290153,2.932722968882787,Extreme greed
2023-12-26,0.14794000000000002,57.397,1.247750866648376,1.230369313774183,Greed
2023-12-27,0.1369,56.845,0.9930784329039354,0.9788101603489524,Greed
2023-12-28,0.25625,62.81250000000001,3.7081066953420803,3.6983377836552314,Extreme greed
2023-12-29,0.19274,59.63699999999999,2.251189066804102,2.251189066804102,Extreme greed
